frb_name,dm,freq_top,freq_low,alpha,alpha_err,peak_freq_gauss,peak_freq_gauss_err
FRB20181209A,328.6067179471076,799.6093750000008,400.78124999999983,-1.8282725619510911,0.019538164639301695,400.9765625009403,5.063203143519488
FRB20181213A,678.7073597018583,799.6093749999995,400.7812499999989,0.387139765474928,0.031077741991913047,665.8196896791877,2.05937269306635
FRB20181214C,632.9148660324599,799.609375,400.78125000000017,-0.024833836405984053,0.009566719083424735,547.7474825820028,22.726605458519618
FRB20181215B,494.06360284998664,799.6093749999995,400.7812499999989,0.9578959059036445,0.018434742876540577,773.207567021214,12.221165918048765
FRB20181219C,647.9191325874482,799.6093749999995,400.7812499999989,-0.1429298318679307,0.013492049649190074,526.1874807096079,9.49539513570379
FRB20181221A,316.5871906312536,799.6093749999999,400.7812500000001,-0.35102200782744575,0.009943021236768835,512.888572691533,0.5156094344883999
FRB20181221B,1394.8746960012559,630.8593750000001,400.78125000000006,-0.5294958694502054,0.02486543683392236,453.831471989444,1.8741138060477962
FRB20181222E,328.0708943775308,799.6093749999995,400.7812499999989,-0.24215854980483034,0.013030260750710758,512.40811205019,1.9742914496155026
FRB20181223C,112.54543227027277,799.6093749999995,400.7812499999989,-0.10725505771000653,0.018709691196097916,545.5879655582936,8.904654730115258
FRB20181224E,581.8812592164468,799.6093749999995,400.7812499999989,-0.34075032502618674,0.012322884642805981,501.45021972531464,3.5551475424723544
FRB20181225A,349.5351928844641,799.6093749999999,400.78124999999966,-0.27971332431423485,0.006987890948574764,448.0396666757961,0.6709033618048571
FRB20181226A,349.0748162974598,799.6093749999995,400.7812499999989,-0.28759367168793454,0.02056869566279937,555.2581535300052,0.46728759628684746
FRB20181226D,385.3236030424623,799.6093749999995,400.7812499999989,-0.015375157139157828,0.020354748552591465,583.5811053304452,2.669344852550297
FRB20181226E,308.84784705928445,555.0781249999999,400.78124999999983,0.09973771194360849,0.05630234874171009,480.8841151172201,4.025389977471242
FRB20181229A,955.6705943012232,799.6093750000002,400.7812499999999,0.18599743605009533,0.013712738279542681,669.8738026045786,3.7415321515633853
FRB20181231A,1376.8014802442704,599.9999999999999,400.78124999999983,0.30458454638480875,0.03425764441262111,790.2343749999998,871.4455454238633
FRB20181231B,197.48790836049048,799.6093750000002,400.7812499999999,-0.15145880711995274,0.011665419331114101,558.7873624493776,2.3504128706632343
FRB20181231C,556.1811152206744,445.70312500000017,400.78125000000006,-0.01729606782415776,0.3128165219791394,431.64062500000006,
FRB20190102A,699.2028491031466,474.2187500000001,400.78125,0.4719401238970727,0.06583668626283563,447.23081256448665,1.3216801063616619
FRB20190102B,367.17252847104305,799.6093749999997,400.78124999999983,-0.08263099302514726,0.01793666028293191,552.5782643808457,7.854660467701243
FRB20190103C,1349.1696037942613,540.2343749999997,400.7812499999996,0.27275464466140414,0.025533415850663238,503.02529675924455,5.039312450617223
FRB20190106B,316.55079639448036,799.6093750000002,400.7812499999999,-1.1013784771254205,0.01395801185062001,400.97656249999994,6.9346602898746115
FRB20190110A,472.8307678420631,799.6093750000002,400.7812499999999,-1.3127845454685283,0.01471808762666501,400.97656250002257,5.7168911191719864
FRB20190110C,222.11122478247424,799.6093749999998,400.7812499999998,-0.5946335936646513,0.0184155754591645,424.9685349941817,1.9506188618663018
FRB20190111B,1336.907935550686,638.6718749999998,400.7812499999995,-1.0245697768051238,0.03716435089744819,464.32117081282706,1.5505844017677666
FRB20190115B,748.1935990748117,799.6093750000002,400.7812499999996,-0.0816704017527289,0.014278551486012583,557.7787850634016,5.631004440440665
FRB20190116A,445.32883910751883,799.6093750000002,400.7812499999999,0.07590762031587896,0.008620847468653462,655.0760932108491,3.0216442413043314
FRB20190117A,393.33259255554606,799.6093749999994,400.7812500000007,-0.8129394292189789,0.013601481218493555,507.6973493563086,0.3365351087507195
FRB20190118A,225.1422860556616,799.609375,400.7812499999996,-2.04680081357313,0.011313836991811462,457.4090800276446,0.6623006295022426
FRB20190121A,425.5938631890438,799.6093750000002,400.7812499999999,0.33941029044054377,0.00977285582159413,661.973100374139,1.2024363336353636
FRB20190122C,690.1743856350668,799.6093750000002,400.7812500000002,-0.29400651506627834,0.0056948985320034425,520.0331695338384,1.25072407654989
FRB20190124B,441.9614210749314,799.6093750000002,400.7812499999999,-0.034801342833660466,0.009141132618763127,585.7595598648614,8.429522077752054
FRB20190124F,254.78675919616498,799.6093749999999,400.7812499999998,-0.79070173718581,0.011245419171813344,464.08322196442805,2.0468373143848844
FRB20190130B,988.8567531127129,799.6093750000001,400.78124999999966,-1.0810193621464894,0.017554338528981556,492.0517313145324,0.5416749318899582
FRB20190131E,279.8219349115169,799.609375,400.78124999999994,-1.1325858609654378,0.021746916739870895,486.7329213164189,1.2962088306551853
FRB20190201B,749.2048438668345,799.6093750000001,400.78124999999966,-0.2963933121401543,0.013169123359522026,460.92080009097396,12.644263614756172
FRB20190203A,420.61728560723355,799.6093750000001,400.78124999999966,-0.8228915021899552,0.011667938411840845,444.3423304637818,1.1690965861336522
FRB20190204B,1464.9488112950492,620.3124999999999,400.78124999999983,0.2748865426269501,0.0281558261622806,611.8844586451838,69.95076777750359
FRB20190206A,188.561208,799.6093750000001,400.78124999999966,-0.09077874174641173,0.00967844334925849,552.0760107309973,3.7273175312106317
FRB20190208C,238.35981641977924,799.6093750000001,400.7812500000015,-1.1578627580611665,0.023419021279142013,434.7213076816485,3.2948551485642326
FRB20190210B,624.2312415544822,530.46875,400.78124999999994,-0.7837204708536112,0.04072589565173288,421.44727826487895,5.647896102303413
FRB20190212B,600.2289608757449,799.6093749999994,400.78124999999926,-0.38834820505321765,0.01670724492906505,470.41752104218193,2.602261351469913
FRB20190212C,1016.5207715289006,719.1406250000005,400.7812499999997,0.20839119638869885,0.010500291004616736,790.2343749968605,157.6034665263663
FRB20190213D,1346.8151149575965,478.9062500000001,400.78125000000017,0.17624178409673036,0.07954945045113516,444.93892415500835,2.1665971171905087
FRB20190214C,533.0971369825112,799.6093750000001,400.7812499999997,-0.1493247132983697,0.009869346054765332,516.8542741884729,5.060236575792169
FRB20190217A,798.5197233431205,799.6093750000001,400.78124999999966,0.08447677434454835,0.009982072092520593,667.1394376192886,7.4805614209588365
FRB20190224C,497.4299169902271,798.8281250000001,400.78124999999955,0.1670728941319354,0.008065204501490746,659.8855560953932,2.531201557364818
FRB20190224D,752.9024231943205,799.6093750000001,400.78124999999966,-0.09369731954139625,0.01778696190289411,560.8974294185888,2.0464006248233413
FRB20190226A,601.5861089950743,799.6093750000002,400.78124999999983,-0.0038807222755998586,0.025222003316804686,588.8233081192166,4.16998961149608
FRB20190227A,394.0377006623895,651.9531249999995,400.7812499999994,-0.01276348990506761,0.015669929400166916,461.6950288354228,1646.6127904391262
FRB20190301A,460.1976879215661,799.6093749999999,400.78125000000034,0.10872218569054298,0.010136491527992205,602.1403739252181,0.5668804686061978
FRB20190303B,193.67200113066502,799.6093750000006,400.7812499999993,0.35605256799830987,0.005690376310492369,669.7564774385339,0.34042550453837
FRB20190304A,483.62423164084254,799.6093749999999,400.78125000000045,-0.38835945098633423,0.012213263729735191,400.97656250000074,22.680945521300906
FRB20190304B,469.9787430666804,558.9843749999998,400.7812499999998,-0.24294108912907947,0.043253160011693104,452.41439201405433,2.676029028408887
FRB20190320A,614.1861886773693,799.6093749999995,400.7812499999998,0.05147839522687853,0.009959337717605538,665.0504624127151,6.767481128510573
FRB20190320B,489.4712674240424,799.6093749999995,400.7812499999998,0.03674107412015905,0.011771129575250264,668.7323461634617,3.920297803221218
FRB20190320E,299.23967320914505,799.6093749999998,400.7812499999998,0.2652348731220606,0.013527227451793446,679.9741241710622,6.639408948069026
FRB20190322A,1055.7933908913712,727.7343750000001,400.78125000000006,0.01636844614636806,0.010351464145029202,695.5420508639369,77.40751667092196
FRB20190323B,789.5206536660785,799.6093749999998,400.7812500000001,0.8136474812083624,0.014554515312509049,661.9364724526625,0.7509733336409138
FRB20190327A,346.6140865033519,799.6093750000002,400.7812499999999,-0.05758778919588329,0.01626433045532384,573.4912793693074,5.358010022612003
FRB20190405B,1114.0917712156947,687.8906250000005,400.78124999999983,0.3010287731541432,0.014213637057330726,593.7109215677833,3.0588423236795066
FRB20190410B,642.1811480428942,600.0,400.7812499999998,-1.4538169400877095,0.037235729092807014,413.1069940709146,5.737272209312
FRB20190411B,1229.5318371541046,628.1249999999999,400.78124999999994,-0.01012411192687084,0.01903462518500991,790.2343713281814,11645.188853867836
FRB20190411C,233.6849879826816,799.6093749999998,400.7812499999992,-1.0746659456068228,0.012431336579431474,469.44588182243075,2.9601568053824825
FRB20190412A,364.77738860246353,799.6093749999997,400.7812499999999,0.4510915670818089,0.012524618934107648,693.8663380322369,1.6545918276902138
FRB20190417C,320.28668803470396,799.6093749999992,400.7812499999988,0.8511941416810225,0.006899307399797914,643.5694803978812,0.07007282258246215
FRB20190418A,184.47000394291598,799.609375,400.78124999999966,-0.46708523695255844,0.018017098419312153,400.9765624999997,13.78950293107443
FRB20190419B,165.15350897060915,799.609375,400.78125000000006,-0.3396096749452055,0.016399183296312344,518.9410726056042,2.366454457506231
FRB20190420B,847.2426172691306,514.84375,400.78124999999994,0.33284462680400184,0.03990001292825907,494.23131785458276,10.09356765349375
FRB20190423A,242.82842198822195,694.5312500000002,400.7812499999998,-2.5861976956812436,0.00679054228197174,454.7187211177445,0.1149309107103466
FRB20190423D,496.7784005561728,799.6093749999999,400.78124999999966,0.11502585806766394,0.007252569839500894,648.5530391346975,3.699014716508487
FRB20190425A,128.15818330425293,799.6093749999999,400.78125000000057,0.6869468730369328,0.014260441191195876,641.3294696772033,0.4116730290109723
FRB20190425B,1031.64240024674,658.5937500000003,400.7812499999996,-0.29819114514439343,0.026316549746341854,420.125993987737,10799.57443500701
FRB20190427A,455.8676656998609,799.6093749999999,400.7812499999998,0.2572951335949272,0.018964946886333673,790.2343749999965,64.63317045433067
FRB20190430C,400.39296070644275,799.6093750000005,400.78124999999943,0.6119081229515075,0.014142780235533947,668.6240774373056,0.9358365765869134
FRB20190501B,783.9254650708904,799.6093749999994,400.7812500000001,-0.2008381141211328,0.009206371780576445,450.69330703748756,2.4176382316740517
FRB20190502A,625.9453680778419,799.6093750000001,400.78125,-0.06585527471718114,0.00844737033988028,440.2349142034065,2.3151761113029377
FRB20190502B,918.6171458812338,462.1093750000003,400.7812500000003,0.8149948021840153,0.10910347445797965,442.4388149850986,154709.06809368212
FRB20190502C,396.8916723824018,799.6093749999997,400.7812499999997,-0.3569172498894259,0.012452381059444904,500.29158373385087,1.9180739981743562
FRB20190518C,443.9988799892985,799.6093750000001,400.7812500000003,-0.15711000672574357,0.01723446609322128,544.610253045903,2.2853594947686466
FRB20190519E,693.7580568735414,586.3281249999998,400.7812499999998,0.11939267822976574,0.058105685203339565,732.8084619562674,0.0
FRB20190519G,430.0,799.6093749999998,400.78124999999966,0.05234180731954712,0.007890013527559903,642.1730375075323,5.725133680205056
FRB20190519H,1170.8812708692499,507.4218750000003,400.7812500000001,-1.1952456889333227,0.0626040045750542,452.25746437664964,0.30528445521868863
FRB20190604G,233.1768775704981,799.6093749999992,400.7812500000004,0.12653238917182266,0.008786158881206927,710.1110671237644,1.9736362487622492
FRB20190605A,349.82822807139183,799.6093750000006,400.7812499999993,-0.39354022856985404,0.009210800989924878,494.1540740512456,0.8560287363347664
FRB20190605B,348.64410525618206,717.5781250000002,400.7812500000004,-0.4626870766384146,0.012803509358648102,460.67006461714595,0.887449104934202
FRB20190605C,187.73253556439897,799.609375000001,400.78124999999943,-2.189357426620198,0.022730492204617675,446.618759185492,1.9591460174708961
FRB20190606A,552.6851767078914,799.6093749999999,400.7812500000003,-0.005387270306461302,0.014078126272619004,573.8940317598621,2.2127957780076617
FRB20190606B,277.8092116370026,799.6093749999995,400.7812499999996,0.08155421314043228,0.007035596909118215,632.2279763671631,4.006424229633568
FRB20190607B,289.3894221923192,799.6093750000002,400.78124999999915,0.257006005128147,0.019204873404560847,705.3140667295619,6.361885340548507
FRB20190608A,722.2232328663999,799.6093750000003,400.78125000000017,0.03155483438496102,0.0241348107817515,607.2394872448158,7.236526298493795
FRB20190609A,316.80056175062373,799.609375,400.7812500000007,0.2581031583257304,0.02302632260272935,596.1189703732382,1.805981388364982
FRB20190609B,292.1435906087721,799.6093750000003,400.7812499999997,-0.8155264826706448,0.016872038943377642,477.3246968134587,3.7665591459603203
FRB20190609C,480.06595779638053,799.609375,400.7812500000007,-0.46218786703379444,0.02245911336889594,430.6793081327997,4.793804941579921
FRB20190609D,511.7025402093671,799.609375,400.7812500000007,-0.3356381921600745,0.016274495737781045,412.77343278028377,20.861286628943997
FRB20190611A,190.60174257674888,799.609375,400.7812500000007,0.1865092751128166,0.010888479325143108,680.9520863335819,1.9350311255452153
FRB20190612B,187.47086240752392,799.609375,400.7812500000007,-1.1018236030827997,0.04272661579773766,513.4302080798753,1.1490381157383494
FRB20190613A,714.7870632589015,799.609375,400.78124999999983,-0.016984690647210535,0.008820799233980643,610.5460305728179,4.221289159325447
FRB20190613B,285.1125741184001,799.6093749999994,400.7812499999995,-1.2764747293772771,0.027063334536537843,495.42405400872076,1.7009664025928168
FRB20190614A,1063.9672830492407,799.609375,400.7812499999999,-0.294579600454435,0.012664643013086707,447.5234052389965,12.752345844897922
FRB20190614C,589.1763315321551,799.6093750000003,400.7812499999998,-0.07607668864208458,0.009931544922673083,414.71749793535304,7.51539441893095
FRB20190616A,212.51972021205134,799.6093750000003,400.78124999999915,-0.5173201931420133,0.01719013950947838,400.9765624999992,18.678414649392916
FRB20190617A,195.8985332438134,799.6093750000001,400.78124999999994,-1.070276715498806,0.018294608236005722,500.253742153048,5.902942486149079
FRB20190617B,272.91900628871923,799.6093749999994,400.7812499999992,-0.4207600699033658,0.010702806843972052,505.2086727077427,1.371768182347508
FRB20190617C,639.2701476547661,799.609375,400.7812500000002,0.10048260447495908,0.007291078289426514,674.1332004612192,5.010355769500068
FRB20190618A,228.9266845826394,799.6093750000002,400.78124999999994,-2.181047392695101,0.023737373249927814,436.101213921877,2.7583052590807133
FRB20190619A,899.8533889577985,799.6093749999997,400.78124999999915,-0.09980978372225666,0.01837045045320436,554.0259619921172,8.929359935399713
FRB20190619B,270.528487685705,799.6093749999997,401.1718750000002,-0.49013711909770336,0.019348576424695882,400.97656250000085,28.169649707282844
FRB20190619C,488.0762075422906,799.6093750000005,400.7812500000003,0.5761057198463453,0.023808514625856186,701.8180599676539,2.5713981498259915
FRB20190619D,379.1235894342576,799.2187499999998,400.7812499999995,0.03639695183680712,0.010119196078924033,707.8395019577432,43.995180529079725
FRB20190621B,1061.3123327918747,799.6093750000005,400.7812500000003,-0.13380875354785246,0.013761326176244607,469.95951898505194,6.056255497370475
FRB20190621C,570.3737735265242,799.6093749999993,400.78125000000034,-1.0496947918195656,0.021656723716779486,467.18029053039226,1.0972751596316563
FRB20190621D,647.5144225732605,799.6093750000002,400.7812499999994,-0.10884199680063607,0.009488234039672173,534.4271876197453,3.8868541149790548
FRB20190622A,1122.7965597617238,799.609375,400.78124999999955,-0.4291309289917994,0.026929807568857073,432.72118054548815,12.849684317294429
FRB20190623A,1082.195458569754,796.4843750000001,400.7812499999997,-0.1169807433373385,0.027201822278727094,478.1012068068974,11.288947069484832
FRB20190623C,1049.8635049995767,767.1874999999993,400.78125000000017,0.16610326138991796,0.016702043080602868,725.3822692985693,92.49397513952754
FRB20190624A,973.9896084434858,799.6093750000002,400.78124999999955,-0.05965960600268996,0.009837891056236704,433.05405885255124,6.829000067898027
FRB20190624B,213.9542982243087,799.6093749999997,400.7812499999998,-3.730878844179442,0.05151180676795472,585.1929876075804,3.4759485740740286
FRB20190625E,189.16346260304314,799.6093749999998,400.78125000000017,-0.0786866202328204,0.007367179872037201,434.5483437527423,1.1136658844984468
FRB20190627A,404.44930253547085,480.85937499999994,400.78124999999983,0.8894823760933243,0.16690688099025058,457.3700651214489,20.94010727125882
FRB20190627C,968.6000026380764,799.6093750000006,400.7812500000001,-0.29811277011627696,0.011978254868915246,400.9765625029354,51.168639587211835
FRB20190627D,2002.3740278722078,485.1562500000003,400.7812500000003,0.08199205999971329,0.05404182971604085,656.4168752784987,21266.00084184798
FRB20190628A,745.8322103737332,799.6093750000005,400.7812499999999,0.028951918337682906,0.02000166838685825,613.0143942332382,12.660044790935295
FRB20190628B,408.0417560915171,799.6093750000001,400.7812499999993,-0.1469491266996496,0.014102670937149786,452.27086263929294,5.591113398473005
FRB20190628C,1748.4825507169214,532.0312499999999,400.78125,0.0665180138619949,0.031242640210274845,502.5071959026218,125345.50449829886
FRB20190629A,503.63547192430497,799.6093750000001,400.78124999999994,0.09077094185890398,0.02693331124029083,599.7251742421794,9.80780561616346
FRB20190630B,652.7824732921529,799.2187500000007,400.7812500000003,0.4139082315020388,0.006577101625903646,697.2161404587799,1.124928164666073
FRB20190630C,1660.2994754949232,539.8437500000005,400.7812500000006,-0.07117863246296703,0.06978038038300188,472.251597762274,2.741861102130825
FRB20190630D,323.5198835617033,799.6093749999997,400.7812499999996,-0.49602364413524164,0.017171131137998376,400.97656249999966,21.379059866784836
FRB20190701A,637.1590631706591,799.6093749999997,400.7812499999996,0.3679861936010317,0.02653129266256841,697.5109411392325,4.942095704739022
FRB20190701B,749.1271351130522,799.6093750000002,400.78124999999915,-0.24961441662607423,0.02483230651501011,538.3354747585583,5.615131238443738
FRB20190701C,973.8958799413007,799.6093750000003,400.7812499999997,-0.2069762196766656,0.013328995053897638,433.75846518391836,7.629802838236066
FRB20190701D,933.5888816037617,799.6093749999997,400.7812499999996,-0.3507792540249848,0.009455248492986653,507.4168054183096,1.8598400313888288
