frb_name,alpha,alpha_err,peak_freq
FRB20181209A,-5.65354238782648,0.21721563256037282,441.79687499999994
FRB20181213A,1.5509210715684103,0.17241323930247265,798.4374999999995
FRB20181214C,0.4907762856461278,0.1410715632736855,798.4375
FRB20181215B,2.3667226896246776,0.18036665652044492,799.6093749999995
FRB20181219C,-0.9946163217366336,0.17813425607062594,797.6562499999995
FRB20181221A,-1.9576595430771317,0.2843376373428632,515.234375
FRB20181221B,-1.5464001455682865,0.17053177631363714,497.2656250000001
FRB20181222E,-0.7971481220676616,0.19959314196327885,498.4374999999991
FRB20181223C,-0.5152772766764809,0.1883885416245818,799.6093749999995
FRB20181224E,-1.675734900564229,0.12225686829841254,499.9999999999991
FRB20181225A,-2.60525441621284,0.2250468852902987,773.0468749999999
FRB20181226A,-0.8317461524009002,0.3394756965240115,561.3281249999992
FRB20181226D,0.15113218152663302,0.12207513283151274,760.1562499999994
FRB20181226E,0.9058527249726404,0.38865023405644405,498.4374999999999
FRB20181229A,1.7864748808616382,0.20871418877121706,607.421875
FRB20181231A,1.8902914756239932,0.5243797454147815,518.7499999999998
FRB20181231B,1.9587088851334051,0.13762026392807275,798.8281250000002
FRB20181231C,0.7840587212343287,2.1118934909280247,431.2500000000001
FRB20190102A,2.5941985198849142,0.32125151633425525,465.2343750000001
FRB20190102B,0.6613657421224265,0.17338937801975543,799.6093749999997
FRB20190103C,1.0446125191701159,0.46144236094270413,451.9531249999996
FRB20190106B,-1.564534554010449,0.14616224556853682,782.4218750000002
FRB20190110A,-3.546928436442623,0.1937565616393832,414.8437499999999
FRB20190110C,-1.8443151092317553,0.24329155953959378,405.8593749999998
FRB20190111B,-4.223252608925337,0.22091055882204128,404.6874999999995
FRB20190115B,0.009107322135769157,0.1962054486801063,715.2343750000001
FRB20190116A,1.2445204739432614,0.2688640659867322,427.7343749999999
FRB20190117A,-2.624971817180942,0.32307472765901335,496.4843750000004
FRB20190118A,-2.0512176557919317,0.1810675748920531,564.0624999999998
FRB20190121A,2.1546939846308373,0.16913620364423745,525.0
FRB20190122C,-0.6704013109656036,0.08037564066593529,488.6718750000002
FRB20190124B,0.7830599982118479,0.24141607491948142,799.6093750000002
FRB20190124F,-3.004119670772563,0.14051718515510223,497.2656249999998
FRB20190130B,-3.1024731231388287,0.22860157337438408,798.4375000000001
FRB20190131E,3.4359425711050564,0.2092876757568088,799.609375
FRB20190201B,-2.4238994336984314,0.18141946894757274,403.90624999999966
FRB20190203A,-2.5545976719262247,0.17661329072394147,798.4375000000001
FRB20190204B,1.4731688915986452,0.4032184415547154,497.2656249999999
FRB20190206A,3.9944188370495235,0.13939803850029855,798.8281250000001
FRB20190208C,0.3953958086258275,0.21571520241267422,778.9062500000002
FRB20190210B,-3.856416976387149,0.19477161287238876,406.64062499999994
FRB20190212B,-1.8459275071311971,0.17288605581953984,795.3124999999994
FRB20190212C,3.433040813199204,0.28103990060744655,701.9531250000003
FRB20190213D,2.2435974216440426,1.0728171851922992,402.34375000000017
FRB20190214C,-1.3460320243250932,0.1858768053316795,541.0156249999998
FRB20190217A,1.0158802813535899,0.19107322776271274,607.0312499999999
FRB20190224C,4.524042882091623,0.2112417725526334,714.453125
FRB20190224D,0.24528791441805584,0.14520307869664403,497.2656249999998
FRB20190226A,1.3664726736266126,0.1997308809640271,761.3281250000002
FRB20190227A,-1.3929821407301524,0.3139212147006317,518.3593749999994
FRB20190301A,1.9756096037789443,0.333604030130012,592.9687500000001
FRB20190303B,0.20721291003288878,0.13464734728933986,794.9218750000006
FRB20190304A,0.7079538736499686,0.15437751902323565,783.5937499999999
FRB20190304B,-3.211904859682381,0.48211151572060795,407.4218749999998
FRB20190320A,0.43866842644850756,0.20440890510046308,792.1874999999995
FRB20190320B,0.23377291624028004,0.10527960203064406,789.8437499999995
FRB20190320E,2.615405208411126,0.15913316838427496,775.7812499999998
FRB20190322A,1.0513785072012802,0.3358367657192098,628.9062500000001
FRB20190323B,2.390722440844619,0.10392220135695075,719.5312499999999
FRB20190327A,-0.360473945017254,0.1343711521542238,796.4843750000002
FRB20190405B,3.968700001361461,0.22119261230426113,676.5625000000005
FRB20190410B,-3.5652714929728453,0.3466374343438734,408.5937499999998
FRB20190411B,-0.26485537556756616,0.4265028863568127,539.0624999999999
FRB20190411C,-4.2791797085717675,0.22639847251563322,494.1406249999993
FRB20190412A,3.20513050348563,0.16904570491448917,771.4843749999997
FRB20190417C,5.073144701825872,0.2320990481039979,607.812499999999
FRB20190418A,-2.478626607578004,0.2595892363862084,796.875
FRB20190419B,-0.6006857578414602,0.20591902929088848,457.81250000000006
FRB20190420B,2.711526198363425,0.661185711975505,509.765625
FRB20190423A,-5.839474845849848,0.3424322148007969,485.54687499999994
FRB20190423D,1.9140048819657216,0.19191121417424106,775.7812499999999
FRB20190425A,3.9478952260138507,0.184112806913583,679.2968750000001
FRB20190425B,-1.4873108719461965,0.33432315348456115,432.4218749999997
FRB20190427A,2.1934836885255558,0.1814691806442161,677.3437499999999
FRB20190430C,3.8826026627153696,0.22722098932120785,678.5156250000001
FRB20190501B,-0.3584380778461542,0.13650534661035169,799.6093749999994
FRB20190502A,-0.36204431628875455,0.1044576473413774,798.8281250000001
FRB20190502B,2.5365754721234604,0.9755367623605666,432.0312500000003
FRB20190502C,-1.6217569759892683,0.16664774770120042,498.8281249999997
FRB20190518C,-0.19426526834194666,0.13215660260105608,582.8125000000002
FRB20190519E,0.04399342043721271,0.6726584730454076,531.6406249999998
FRB20190519G,1.875882889305696,0.22744096005651643,797.6562499999998
FRB20190519H,0.41042333881826965,0.3906871175789063,496.4843750000002
FRB20190604G,0.48845923442652256,0.19226005660697607,594.9218749999998
FRB20190605A,-2.9619895651779946,0.20799364110563584,499.2187499999996
FRB20190605B,-6.603013633530658,0.4139847753215036,465.6250000000004
FRB20190605C,-3.0385142831424132,0.19578468841990737,404.68749999999943
FRB20190606A,-0.11539205282427319,0.27063182407778485,541.7968750000002
FRB20190606B,1.7512967047883412,0.18402992949590832,794.5312499999995
FRB20190607B,1.4117711081849418,0.21679052286860298,794.1406250000002
FRB20190608A,1.9099030109723698,0.25529170022035996,797.6562500000003
FRB20190609A,3.0563589704744833,0.259694988433638,720.3125000000001
FRB20190609B,-2.4174824447519465,0.1736727998081421,498.4374999999999
FRB20190609C,-1.877648672254048,0.36015454692578164,420.3125000000006
FRB20190609D,1.106843678994433,0.2744469368511163,796.875
FRB20190611A,4.126873405765221,0.4458395395293176,669.1406250000002
FRB20190612B,-0.49960661071084966,0.33426183518414665,486.7187500000005
FRB20190613A,0.20677472215653347,0.24141425021941879,799.609375
FRB20190613B,-3.275751872591661,0.22471101399535237,481.2499999999995
FRB20190614A,-0.33259711067237707,0.16551700505825764,794.921875
FRB20190614C,-1.0493555711876612,0.22686410473641047,798.8281250000003
FRB20190616A,-2.510352316700191,0.15556690502062645,420.3124999999992
FRB20190617A,-5.334100139187143,0.22331545649011456,738.2812500000001
FRB20190617B,-1.5694386228633512,0.186748123033037,681.6406249999993
FRB20190617C,1.1539689077042303,0.22582263879866757,619.5312500000001
FRB20190618A,-5.324016408160784,0.1781321256804646,438.28124999999994
FRB20190619A,-0.1533953414979904,0.16560954852951848,794.9218749999997
FRB20190619B,-2.083299255201446,0.17594108845867296,418.3593750000002
FRB20190619C,2.2986817155671835,0.1816504522043239,791.4062500000005
FRB20190619D,0.8789976807719775,0.2780039432847251,770.3124999999998
FRB20190621B,-1.1343145366741272,0.25462221571866056,401.5625000000003
FRB20190621C,1.339788043384892,0.17332734538110683,794.5312499999993
FRB20190621D,0.592038520832945,0.17452917901357878,797.6562500000002
FRB20190622A,-1.5041976586553465,0.22348469345361127,401.17187499999955
FRB20190623A,-1.6093068806054633,0.2046924039054021,401.1718749999997
FRB20190623C,1.4973398017992348,0.28790485629174595,569.1406249999998
FRB20190624A,-0.7901751394521421,0.17034088263742417,793.3593750000002
FRB20190624B,-7.632508596994624,0.1770068321698354,400.7812499999998
FRB20190625E,3.458247643642521,0.2928532242900962,778.9062499999998
FRB20190627A,1.4995830888271504,1.8647527445481604,401.17187499999983
FRB20190627C,-1.5622338377730443,0.11323635236504818,783.9843750000006
FRB20190627D,0.3627212391071534,1.5234301913736588,419.1406250000003
FRB20190628A,-0.28076996357907,0.2050673921286959,402.3437499999999
FRB20190628B,-0.7339611774070423,0.19010395008644776,799.6093750000001
FRB20190628C,-0.1963717631533956,0.9934853460793941,430.46875
FRB20190629A,2.5376904671792597,0.28112660998815936,786.7187500000001
FRB20190630B,2.720495896234177,0.10998388267739895,612.1093750000005
FRB20190630C,-1.2925162656382603,0.5220334350431901,505.85937500000045
FRB20190630D,-1.941928724732086,0.17926115452812974,426.5624999999996
FRB20190701A,0.9706238093206954,0.2235514504721511,783.9843749999997
FRB20190701B,0.3705788698711152,0.17795903352356574,773.4375000000001
FRB20190701C,1.2532945619033788,0.20172317435883377,793.7500000000003
FRB20190701D,-2.7674030222120813,0.18283876599543317,494.1406249999996
