TNS_Name,DM,DM_err
FRB 20190709A,662.83,0.08
FRB 20190926B,957.1,0.8
FRB 20191020B,464.8,0.2
FRB 20191108A,587.79,0.06
FRB 20191109A,531.2,0.2
FRB 20200210A,439.7,0.5
FRB 20200213A,1017.7,0.2
FRB 20200216A,478.7,0.2
FRB 20200224B,1450,1
FRB 20200321A,914.71,0.04
FRB 20200322A,1290.3,1.0
FRB 20200323C,833.4,0.2
FRB 20200419A,248.5,0.3
FRB 20200514A,1406.2,0.2
FRB 20200516A,361.1,0.4
FRB 20200518A,246.5,0.1
FRB 20200523A,444,9
FRB 20200719A,2778,6
FRB 20201020A,398.59,0.08
FRB 20210124A,868.25,0.07
FRB 20210127A,891.2,0.1
FRB 20210317A,466.5,0.1
FRB 20210530A,1000.27,0.09
FRB 20211024B,509.4,0.1
