TNS_Name,DM,DM_err,S/N
170107,609.5,0.5,16
170416,523.2,0.2,8.3
170428,991.7,0.9,8.2
170707,235.2,0.6,10.5
170712,312.79,0.07,13.8
170906,390.3,0.4,18.6
171003,463.2,1.2,14.3
171004,304,0.3,11.4
171019,460.8,1.1,24.3
171020,114.1,0.2,24.4
171116,618.5,0.5,11.9
171213,158.6,0.2,27.1
171216,203.1,0.5,8.4
180110,715.7,0.2,34.7
180119,402.7,0.7,17.3
180128,441.4,0.2,13
180128.2,495.9,0.7,10.8
180130,343.5,0.4,10.8
180131,657.7,0.5,14.8
180212,167.5,0.5,18.3
180315,479,0.4,10.4
180324,431,0.4,9.8
180525,388.1,0.3,27.4
180430,264.1,0.5,28.2
180515,355.2,0.5,12.1