TNS_Name,MJD_barycentric,RA,Dec,RA_err,Dec_err,S/N,Fluence_Jyms,DM,DM_err,DM_ISM,Width_ms
20220207C,59617.808504,20:40:47.886,+72:52:56.378,0.63,0.54,60.0,16.2,262.38,0.01,79.3,0.5
20220307B,59645.845634,23:23:29.88,+72:11:32.6,1.72,1.26,11.9,3.2,499.27,0.06,135.7,0.5
20220310F,59648.241721,8:58:52.9,+73:29:27.0,1.9,1.4,68.4,26.2,462.24,0.005,45.4,1.0
20220319D,59657.932757,02:08:42.70,+71:02:06.9,0.58,0.55,41.7,8.0,110.98,0.02,133.3,0.3
20220418A,59687.355728,14:36:25.34,+70:05:45.4,1.356,0.761,10.9,4.2,623.25,0.01,37.6,1.0
20220506D,59705.597013,21:12:10.76,+72:49:38.2,1.11,0.81,48.9,13.2,396.97,0.02,89.1,0.5
20220509G,59708.4944990805,18:50:40.8,+70:14:37.8,2.2,1.5,21.5,5.8,269.53,0.02,55.2,0.5
20220825A,59816.2572924694,20:47:55.55,+72:35:05.9,0.78,0.69,15.1,5.8,651.24,0.06,79.7,1.0
20220914A,59836.145966,18:48:13.63,+73:20:12.9,0.93,0.73,9.6,2.6,631.28,0.04,55.2,0.5
20220920A,59842.9815705163,16:01:01.70,+70:55:07.7,1.02,0.60,14.4,3.9,314.99,0.01,40.3,0.5
20221012A,59864.0510912293,18:43:11.69,+70:31:27.2,1.12,0.74,9.4,5.1,441.08,0.7,54.4,2.0
