FRB_Name,DM,DM_error,CB or IB,RA,Dec,DM_ne2025,DM_EG
FRB 20201123A,433.55,0.36,cb,17:34:40.80,-50:45:36.00,193.91,239.64
FRB 20220222C,1071.2,0.8,both,13:35:37.08,-28:01:36.93,53.19,1018.01
FRB 20230125D,640.08,0.03,both,10:00:49.21,-31:32:40.77,76.85,563.23
FRB 20230306F,689.5,0.9,cb,12:24:00.93,14:54:17,24.97,664.53
FRB 20230413C,1532.2,0.05,cb,05:13:00,-39:50:00,43.24,1488.96
FRB 20230613A,483.51,0.03,cb,23:47:24.65,-27:03:10.01,27.56,455.95
FRB 20230814F,471.44,0.03,both,09:06:28.88,-68:19:55.70,121.06,350.38
FRB 20230827E,1437.7,0.1,both,04:08:28.242,-18:16:58.55,35.48,1402.22
FRB 20231007C,2660.4,1.9,cb,23:38:17.64, 21:52:34,40.07,2620.33
FRB 20231010A,442.59,0.02,cb,00:58:55.67,-70:35:46.93,35.69,406.9
FRB 20231204B,1772.1,1.3,both,1:05:07.04,-70:37:16.5,38.89,1733.21
FRB 20231210F,720.6,0.2,cb,03:21:37.28,-35:45:41.13,30.88,689.72
FRB 20240304B,2458.2,0.01,cb,12:11:59.29,11:48:46.86,26.27,2431.93
FRB 20201211A,972.49,0.95,cb,04:29:45.51,-27:30:28.3,37.09,935.4
FRB 20210202D,609.16,0.57,cb,19:46:48.74,-54:13:38.8,66.57,542.59
FRB 20210408H,1195.95,1.5,cb,13:37:18.25,-28:17:02.9,53.79,1142.16
