TNS_Name,DM,S/N
FRB 090625,899.6,28
FRB 121002,1629.18,16
FRB 130626,952.4,20
FRB 130628,469.88,29
FRB 130729,861,14
FRB 110220,944.38,49
FRB 110627,723,11
FRB 110703,1103.6,16
FRB 120127,553.3,11
FRB 140514,562.7,16
FRB 010125,790,17
FRB 010724,375,16
FRB 010312,1187,11
FRB 010621,745,18
FRB 110214,169,13
FRB 131104,779,30.6
FRB 150215,1106,19
FRB 150418,776,39
FRB 150610,1594,18
FRB 150807,266,
FRB 151206,1910,10
FRB 151230,960,17
FRB 160102,2596,16
FRB 171209,1458,40
FRB 180309,263,411
FRB 180311,1576,11.5
FRB 180714,1470,22
FRB 910730,591.4,23
FRB 920913,3337.9,8.2
FRB 921212,838.9,24.9