freq_MHz,sigma_x,sigma_y,sigma_avg,fwhm_x,fwhm_y,fwhm_avg,beam_sep
1220.0,16.608227296879694,16.608227296879694,16.608227296879694,39.10938655112248,39.10938655112248,39.10938655112248,25.112342943352335
1250.0,16.209629841754577,16.209629841754577,16.209629841754577,38.170761273895536,38.170761273895536,38.170761273895536,25.112342943352335
1280.0,15.829716642338456,15.829716642338456,15.829716642338456,37.27613405653861,37.27613405653861,37.27613405653861,25.112342943352335
1310.0,15.467204047475743,15.467204047475743,15.467204047475743,36.42248213157971,36.42248213157971,36.42248213157971,25.112342943352335
1340.0,15.120923359845689,15.120923359845689,15.120923359845689,35.60705342714136,35.60705342714136,35.60705342714136,25.112342943352335
1370.0,14.789808249776076,14.789808249776076,14.789808249776076,34.827336928736806,34.827336928736806,34.827336928736806,25.112342943352335
1400.0,14.472883787280875,14.472883787280875,14.472883787280875,34.081036851692446,34.081036851692446,34.081036851692446,25.112342943352335
1430.0,14.169256854680574,14.169256854680574,14.169256854680574,33.366050064594,33.366050064594,33.366050064594,25.112342943352335
1460.0,13.878107741228238,13.878107741228238,13.878107741228238,32.680446296143444,32.680446296143444,32.680446296143444,25.112342943352335
1490.0,13.598682753149816,13.598682753149816,13.598682753149816,32.022450733133844,32.022450733133844,32.022450733133844,25.112342943352335
1520.0,13.33028769881133,13.33028769881133,13.33028769881133,31.390428679190407,31.390428679190407,31.390428679190407,25.112342943352335
