frequency_hz,sigma_x_arcmin,sigma_y_arcmin,beam_sep_arcmin
1152000000.0,38.648294301773944,38.648294301773944,54.0
1173000000.0,37.95638110455549,37.95638110455549,54.0
1194000000.0,37.28880656251557,37.28880656251557,54.0
1215000000.0,36.64430867131159,36.64430867131159,54.0
1236000000.0,36.0217111938864,36.0217111938864,54.0
1257000000.0,35.41991649613651,35.41991649613651,54.0
1278000000.0,34.837899088922995,34.837899088922995,54.0
1299000000.0,34.27469979649237,34.27469979649237,54.0
1320000000.0,33.729420481548175,33.729420481548175,54.0
1341000000.0,33.201219265953455,33.201219265953455,54.0
1362000000.0,32.689306193570914,32.689306193570914,54.0
1383000000.0,32.19293928824555,32.19293928824555,54.0
1404000000.0,31.711420965558112,31.711420965558112,54.0
1425000000.0,31.244094761855145,31.244094761855145,54.0
1446000000.0,30.790342348301234,30.790342348301234,54.0
1467000000.0,30.349580801393042,30.349580801393042,54.0
1488000000.0,29.921260104599185,29.921260104599185,54.0
