TNS name,RA,sigma_RA,Dec,sigma_Dec,DM,DM_err,Fluence,Fluence_err,Flux Density,Flux Density_err,Up exp,Up exp_err,Low exp,Low exp_err
FRB20181209A,98.4137,24,68.5794,13,328.59,0.01,11.0,1.0,17.0,2.0,38.0,2.0,,
FRB20181213A,127.8826,26,73.9033,18,678.69,0.01,8.2,0.9,6.3,0.7,31.0,4.0,35.8,0.8
FRB20181214C,175.8997,31,60.0573,25,632.832,0.003,15.0,2.0,4.5,0.5,26.0,2.0,,
FRB20181215B,254.6078,24,47.5892,12,494.044,0.006,13.0,1.0,14.0,1.0,25.9,0.2,,
FRB20181219C,17.8866,30,14.2603,30,647.68,0.04,17.0,2.0,3.9,0.4,11.2,0.9,,
FRB20181220A,348.7085,27,48.3457,18,209.525,0.008,,,,21.0,0.7,,,
FRB20181221A,230.4724,15,25.8542,16,316.25,0.05,15.0,2.0,3.3,0.3,20.04,0.09,,
FRB20181221B,315.0145,12,80.9405,13,1394.86,0.01,34.0,3.0,23.0,2.0,73.0,4.0,48.0,5.0
FRB20181222E,50.3806,20,87.1169,27,327.989,0.004,30.0,3.0,8.7,0.9,329.0,9.0,180.0,10.0
FRB20181223C,180.9319,23,27.5498,26,112.45,0.01,4.4,0.5,2.9,0.3,17.0,0.3,,
FRB20181224E,239.3002,15,7.2503,18,581.84,0.01,30.0,3.0,14.0,1.0,17.3,0.2,,
FRB20181225A,29.4629,24,65.7124,26,349.1,0.04,25.0,3.0,3.5,0.4,44.8,0.4,,
FRB20181226A,29.4894,19,65.714,20,348.81,0.01,9.0,1.0,3.7,0.4,45.1,0.2,,
FRB20181226D,120.0764,13,22.1814,14,385.338,0.005,8.4,0.9,8.5,0.9,19.0,0.0,,
FRB20181226E,297.3697,19,73.7039,22,308.78,0.01,88.0,9.0,56.0,6.0,59.0,1.0,45.6,0.6
FRB20181228B,254.6073,32,63.736,36,568.538,0.006,,,,31.0,2.0,,,
FRB20181229A,137.1914,26,41.9665,28,955.45,0.02,5.6,0.6,1.9,0.2,22.9,0.3,,
FRB20181231A,29.672,72,21.01,100,1376.9,0.3,2.7,0.4,1.0,0.2,16.0,2.0,,
FRB20181231B,130.8028,24,56.0239,13,197.366,0.009,56.0,6.0,24.0,2.0,31.4,0.2,,
FRB20181231C,202.332,49,69.214,42,556.03,0.02,13.0,1.0,7.2,0.9,47.0,1.0,,
FRB20190102A,7.5613,18,26.7447,22,699.1,0.4,10.0,1.0,15.0,2.0,15.8,0.5,,
FRB20190102B,21.7419,20,21.5075,23,367.07,0.04,11.0,1.0,5.4,0.6,14.5,0.7,,
FRB20190103C,104.04,25,11.0347,34,1349.3,0.1,31.0,3.0,4.5,0.5,7.0,2.0,,
FRB20190106B,338.0177,24,46.1942,13,316.536,0.002,25.0,3.0,27.0,3.0,21.9,0.6,,
FRB20190110A,67.4579,13,47.4804,14,472.788,0.003,32.0,3.0,27.0,3.0,12.0,3.0,,
FRB20190110C,249.3278,25,41.4434,26,222.01,0.01,5.3,0.6,3.4,0.4,14.0,2.0,,
FRB20190111B,259.9929,14,13.5434,17,1336.87,0.01,28.0,3.0,31.0,3.0,19.0,0.0,,
FRB20190115B,77.5418,25,82.0083,29,748.18,0.03,7.8,0.9,3.5,0.4,128.0,2.0,127.9,0.9
FRB20190116A,192.27,66,27.164,88,445.0,0.5,6.5,0.8,0.7,0.1,19.9,0.3,,
FRB20190117A,331.6579,15,17.3688,16,393.13,0.05,24.0,2.0,6.6,0.7,18.7,0.1,,
FRB20190118A,255.1068,11,11.4984,12,225.108,0.005,590.0,60.0,450.0,40.0,12.1,0.5,,
FRB20190121A,354.5985,14,78.5798,15,425.28,0.03,37.0,4.0,5.4,0.6,69.0,2.0,4.0,2.0
FRB20190122C,200.4987,12,17.5914,13,690.032,0.008,120.0,10.0,13.0,1.0,19.0,0.0,,
FRB20190124B,214.7106,30,28.774,36,441.6,0.2,20.0,2.0,2.3,0.3,17.1,0.2,,
FRB20190124F,339.016,14,5.3271,17,254.799,0.004,32.0,3.0,18.0,2.0,16.0,0.0,,
FRB20190130B,173.7121,14,16.0527,15,988.75,0.01,24.0,3.0,13.0,1.0,12.8,0.8,,
FRB20190131E,206.7288,14,80.7734,18,279.798,0.006,720.0,70.0,930.0,90.0,109.7,0.9,92.0,2.0
FRB20190201B,118.3688,21,55.4638,22,749.07,0.02,7.4,0.8,3.3,0.4,22.0,2.0,,
FRB20190202B,105.549,24,31.9041,14,464.839,0.004,,,,12.0,0.9,,,
FRB20190203A,128.9984,15,70.8421,16,420.586,0.006,42.0,4.0,12.0,1.0,53.7,0.3,38.8,0.2
FRB20190204B,255.7251,35,75.9264,35,1464.842,0.006,6.2,0.7,3.1,0.3,70.0,2.0,44.0,2.0
FRB20190206A,246.2702,17,9.3321,21,188.353,0.003,640.0,60.0,89.0,9.0,18.3,0.1,,
FRB20190208C,126.0334,17,83.4001,20,238.323,0.005,42.0,5.0,58.0,6.0,118.0,4.0,75.0,8.0
FRB20190210B,104.0372,13,23.7992,15,624.24,0.01,23.0,2.0,16.0,2.0,16.1,0.5,,
FRB20190212B,139.7677,18,52.2019,19,600.185,0.003,7.7,0.8,4.4,0.5,24.0,1.0,,
FRB20190212C,172.4552,32,28.146,38,1015.6,0.7,40.0,4.0,1.8,0.2,7.0,3.0,,
FRB20190213D,338.498,45,52.748,76,1346.7,0.4,19.0,2.0,3.7,0.5,28.1,0.8,,
FRB20190214C,218.8294,20,19.2882,26,532.95,0.01,13.0,1.0,3.2,0.3,17.9,0.3,,
FRB20190217A,94.8603,33,43.246,43,798.14,0.04,6.2,0.7,1.0,0.1,12.0,4.0,,
FRB20190224C,125.1238,19,19.8146,22,497.12,0.02,39.0,4.0,4.5,0.5,19.2,0.2,,
FRB20190224D,338.0643,16,89.0782,19,752.892,0.006,13.0,1.0,11.0,1.0,1280.0,20.0,1100.0,20.0
FRB20190226A,58.8369,18,31.912,20,601.546,0.007,5.4,0.6,9.1,0.9,17.2,0.2,,
FRB20190227A,108.1239,14,56.2749,14,394.031,0.008,23.0,2.0,7.3,0.7,29.8,0.6,,
FRB20190301A,313.0391,19,69.7435,21,459.44,0.02,14.0,2.0,3.3,0.4,41.0,1.0,,
FRB20190303B,128.6877,11,66.0059,11,193.429,0.005,110.0,10.0,34.0,3.0,32.0,2.0,,
FRB20190304A,118.3675,26,74.6021,18,483.521,0.008,57.0,6.0,27.0,3.0,68.2,0.2,36.0,2.0
FRB20190304B,204.9119,35,24.0913,34,469.9,0.02,6.9,0.8,3.1,0.4,16.8,0.5,,
FRB20190320A,61.3282,34,63.361,41,614.2,0.1,6.1,0.7,2.0,0.2,39.9,0.2,,
FRB20190320B,250.5549,15,39.7956,16,489.501,0.008,12.0,1.0,11.0,1.0,23.0,0.0,,
FRB20190320E,67.7107,19,89.134,22,299.09,0.02,18.0,2.0,7.3,0.8,1280.0,20.0,1120.0,20.0
FRB20190322A,110.564,93,51.176,78,1059.68,0.08,15.0,2.0,0.69,0.09,19.0,4.0,,
FRB20190323B,192.8926,12,77.1408,12,789.527,0.007,16.0,2.0,22.0,2.0,65.0,2.0,74.5,0.1
FRB20190327A,281.3318,14,34.2765,14,346.579,0.007,8.9,0.9,7.0,0.7,15.3,0.8,,
FRB20190405B,306.6506,33,88.6207,28,1113.72,0.07,53.0,6.0,9.0,1.0,682.0,8.0,685.0,3.0
FRB20190410B,267.6038,14,15.1121,17,642.152,0.008,360.0,40.0,360.0,40.0,18.3,0.2,,
FRB20190411B,154.102,48,29.317,119,1229.417,0.007,5.0,0.6,1.5,0.2,15.0,1.0,,
FRB20190411C,10.6856,11,20.479,11,233.714,0.008,92.0,9.0,52.0,5.0,19.2,0.09,,
FRB20190412A,243.2154,18,61.8405,19,364.55,0.01,12.0,1.0,3.5,0.4,37.9,0.2,,
FRB20190417C,45.6485,11,71.2554,11,320.266,0.004,78.0,8.0,100.0,10.0,10.0,9.0,39.7,0.5
FRB20190418A,65.8093,26,16.0791,33,184.473,0.003,4.8,0.6,2.9,0.3,18.4,0.3,,
FRB20190419B,256.4518,15,86.7633,19,165.13,0.02,21.0,2.0,18.0,2.0,303.0,3.0,40.0,3.0
FRB20190420B,94.443,38,70.074,39,846.646,0.009,40.0,4.0,3.2,0.4,21.0,9.0,41.0,0.0
FRB20190423A,179.4682,11,55.318,11,242.6,0.008,360.0,40.0,78.0,8.0,28.2,0.6,,
FRB20190423D,30.0391,23,84.6806,30,496.0,1.0,22.0,2.0,1.9,0.2,175.0,5.0,190.0,2.0
FRB20190425A,255.6698,11,21.5779,11,128.14,0.01,30.0,3.0,57.0,6.0,18.4,0.2,,
FRB20190425B,153.4102,15,88.3676,17,1031.63,0.01,25.0,3.0,22.0,2.0,541.0,5.0,270.0,30.0
FRB20190427A,78.9486,22,7.8184,29,455.78,0.01,9.0,1.0,6.1,0.7,17.8,0.2,,
FRB20190430C,277.2066,15,24.765,16,400.3,0.3,8.6,0.9,4.0,0.4,8.0,2.0,,
FRB20190501B,261.1994,27,54.2544,19,783.967,0.004,21.0,2.0,10.0,1.0,20.0,2.0,,
FRB20190502A,165.0863,15,59.9156,16,625.74,0.01,19.0,2.0,5.0,0.5,35.4,0.2,,
FRB20190502B,212.0159,33,64.459,38,918.6,0.2,20.0,2.0,4.1,0.5,11.0,7.0,,
FRB20190502C,155.1462,17,82.9981,25,396.878,0.009,26.0,3.0,20.0,2.0,124.0,4.0,18.0,3.0
FRB20190517C,89.4981,13,26.5541,14,335.54,0.06,,,,18.3,0.3,,,
FRB20190518C,241.9646,16,4.6332,21,443.964,0.006,22.0,2.0,13.0,1.0,17.3,0.2,,
FRB20190519E,169.627,60,41.709,79,693.622,0.007,1.5,0.2,3.3,0.4,21.0,1.0,,
FRB20190519G,306.6143,27,72.4144,30,429.5,0.5,31.0,3.0,1.5,0.2,56.0,0.9,17.0,3.0
FRB20190519H,339.8638,12,87.3777,12,1170.878,0.006,58.0,6.0,10.0,1.0,180.0,10.0,381.0,3.0
FRB20190604G,120.8081,15,59.5008,16,232.998,0.007,15.0,1.0,4.2,0.4,36.1,0.3,,
FRB20190606A,29.5339,17,65.7161,20,349.8,0.5,24.0,2.0,3.8,0.4,45.1,0.2,,
FRB20190606B,29.4852,16,65.7143,17,348.96,0.03,49.0,5.0,3.2,0.3,45.1,0.2,,
FRB20190605C,170.112,12,-5.1578,15,187.713,0.005,410.0,40.0,490.0,50.0,17.0,0.0,,
FRB20190606A,218.714,62,53.313,58,552.552,0.008,3.2,0.4,1.0,0.2,29.4,0.5,,
FRB20190606B,108.8065,25,86.8053,31,277.67,0.03,19.0,2.0,3.0,0.3,320.0,3.0,55.0,3.0
FRB20190607B,41.936,37,49.624,40,289.331,0.002,2.2,0.3,1.6,0.2,28.2,0.4,,
FRB20190608A,359.226,43,19.175,49,722.14,0.01,3.9,0.5,6.0,0.7,18.8,0.1,,
FRB20190609A,21.8256,26,87.7004,23,316.684,0.003,37.0,4.0,16.0,2.0,446.0,5.0,98.0,4.0
FRB20190609B,208.3177,24,88.3412,15,292.174,0.007,31.0,3.0,25.0,3.0,552.0,0.0,348.0,0.0
FRB20190609C,73.3278,35,24.098,37,479.852,0.005,4.1,0.5,3.0,0.4,19.5,0.3,,
FRB20190609D,118.513,39,51.742,40,511.56,0.02,23.0,3.0,12.0,1.0,27.8,0.7,,
FRB20190611A,65.6706,23,73.6545,27,191.0,2.0,23.0,2.0,1.8,0.2,64.4,0.3,47.5,0.3
FRB20190612A,148.0969,31,70.52,36,433.14,,,,,42.0,3.0,26.0,2.0,
FRB20190612B,222.1114,16,4.3905,23,187.524,0.007,14.0,1.0,25.0,3.0,16.0,0.0,,
FRB20190613A,257.4063,29,18.9287,36,714.71,0.03,13.0,1.0,2.8,0.3,17.2,0.6,,
FRB20190613B,65.7428,13,42.6817,14,285.088,0.005,8.8,0.9,17.0,2.0,24.2,0.2,,
FRB20190614A,230.7554,22,88.0029,24,1063.917,0.006,22.0,2.0,13.0,1.0,311.0,5.0,410.0,10.0
FRB20190614C,356.484,53,35.992,73,589.1,0.1,4.3,0.5,0.8,0.1,19.0,1.0,,
FRB20190616A,234.2437,20,34.4844,22,212.511,0.005,5.5,0.6,4.1,0.4,21.7,0.3,,
FRB20190617A,177.7378,11,83.806,11,195.749,0.006,190.0,20.0,62.0,6.0,150.0,0.0,161.1,0.2
FRB20190617B,58.0429,17,1.4016,29,272.73,0.07,120.0,10.0,23.0,2.0,17.0,0.0,,
FRB20190617C,134.289,46,35.742,50,638.9,0.02,6.7,0.7,0.6,0.1,20.9,0.6,,
FRB20190618A,323.1785,12,25.4747,12,228.92,0.006,35.0,4.0,38.0,4.0,17.0,0.3,,
FRB20190619A,165.1518,22,68.3139,25,899.82,0.01,3.5,0.4,2.6,0.3,46.1,0.6,,
FRB20190619B,231.5826,24,82.0046,28,270.549,0.003,6.4,0.7,5.5,0.6,86.0,7.0,127.0,1.0
FRB20190619C,39.6424,17,36.2258,18,488.072,0.003,4.8,0.5,4.4,0.5,17.0,1.0,,
FRB20190619D,114.6547,28,41.7227,28,378.8,0.2,18.0,2.0,0.9,0.1,12.0,3.0,,
FRB20190621A,188.09,48,74.135,71,195.94,0.02,3.5,0.4,1.0,0.2,30.0,10.0,37.0,2.0
FRB20190621B,192.838,68,55.621,71,1061.14,0.02,2.3,0.3,1.4,0.2,31.2,0.3,,
FRB20190621C,204.9242,17,5.2158,23,570.342,0.007,140.0,10.0,300.0,30.0,17.9,0.3,,
FRB20190621D,278.0152,21,78.8804,26,647.32,0.04,29.0,3.0,6.3,0.7,94.4,0.4,85.0,0.9
FRB20190622A,298.467,57,85.781,62,1122.807,0.009,2.4,0.3,3.6,0.4,245.1,0.9,220.0,8.0
FRB20190623A,270.5694,31,24.495,36,1082.16,0.01,2.4,0.3,3.9,0.4,20.0,0.2,,
FRB20190623C,193.502,47,86.045,58,1049.94,0.01,5.3,0.7,3.0,0.4,200.0,10.0,243.0,1.0
FRB20190624A,168.0632,34,69.7932,30,973.9,0.1,10.0,1.0,2.0,0.2,43.0,0.0,,
FRB20190624B,308.6502,23,73.5968,11,213.947,0.008,1500.0,100.0,2900.0,300.0,63.0,0.0,49.0,0.0
FRB20190625E,65.685,46,73.67,48,188.61,0.03,140.0,10.0,14.0,2.0,63.8,0.7,47.0,0.6
FRB20190626A,65.701,37,73.669,37,191.2,0.5,,,,64.0,0.4,47.1,0.3,
FRB20190627A,196.028,67,0.98,149,404.3,0.1,26.0,3.0,32.0,4.0,16.0,0.0,,
FRB20190627C,267.7766,25,71.6293,16,968.5,0.01,13.0,1.0,6.3,0.6,55.2,0.5,35.3,0.6
FRB20190627D,295.431,104,43.856,91,2000.31,0.03,9.0,1.0,0.6,0.2,24.4,0.5,,
FRB20190628A,199.164,38,51.696,41,745.79,0.008,2.2,0.3,2.2,0.2,27.3,0.6,,
FRB20190628B,249.194,41,80.093,48,407.99,0.02,7.2,0.9,4.0,0.5,8.0,6.0,80.0,3.0
FRB20190628C,11.453,101,48.591,99,1746.8,0.3,,,,8.0,6.0,,,
FRB20190629A,4.877,45,12.501,52,503.54,0.03,24.0,3.0,6.8,0.8,9.0,2.0,,
FRB20190630B,328.3149,13,42.9525,13,651.7,0.3,63.0,6.0,3.6,0.4,22.3,0.4,,
FRB20190630C,67.3687,22,80.9195,29,1660.21,0.01,15.0,2.0,8.6,0.9,10.0,4.0,81.0,3.0
FRB20190630D,143.4744,19,8.814,25,323.54,0.003,8.0,0.9,5.7,0.6,16.4,0.3,,
FRB20190701A,277.242,43,59.029,56,637.091,0.009,1.9,0.2,2.3,0.3,35.4,0.3,,
FRB20190701B,302.1952,20,80.0913,24,749.093,0.008,9.0,1.0,7.2,0.8,87.0,4.0,97.0,1.0
FRB20190701C,83.798,34,81.594,42,973.79,0.01,21.0,3.0,15.0,2.0,124.8,0.7,60.0,10.0
FRB20190701D,111.7658,16,66.7667,17,933.32,0.03,20.0,2.0,3.1,0.3,39.0,1.0,,
