TNS_name,ra,ra_err,dec,dec_err,ra_2,ra_2_err,dec_2,dec_2_err,DM,DM_err
FRB20181209A,98.4137,24,68.5794,13,,,,,328.59,0.01
FRB20181213A,127.8826,26,73.9033,18,127.66004332097776,0.197631840047056,73.8679597592301,0.103028792142971,678.69,0.01
FRB20181214C,175.8997,31,60.0573,25,175.87045314182492,0.1084900259764409,60.017617572009605,0.0459928254611625,632.832,0.003
FRB20181215B,254.6078,24,47.5892,12,254.81825137621283,0.1653652882607214,47.56440098872434,0.0296760894414624,494.044,0.006
FRB20181219C,17.8866,30,14.2603,30,17.852277291339306,0.1916311188495302,14.10985636086135,0.2329961313967521,647.68,0.04
FRB20181220A,348.7085,27,48.3457,18,346.1140534613918,0.1614386373740584,48.43586280441576,0.1605051337303855,209.525,0.008
FRB20181221A,230.4724,15,25.8542,16,230.64074055510164,0.1918237846446631,25.857971339615133,0.206951792510134,316.25,0.05
FRB20181221B,315.0145,12,80.9405,13,297.5328361192197,0.046874649673195,80.76069117817195,0.0239015760233982,1394.86,0.01
FRB20181222E,50.3806,20,87.1169,27,52.44241067647937,0.0427437569365204,86.96802467145763,0.2461318383471962,327.989,0.004
FRB20181223C,180.9319,23,27.5498,26,181.1080515997786,0.1839617418031238,27.57810776132997,0.1982301782671154,112.45,0.01
FRB20181224E,239.3002,15,7.2503,18,239.40875563976897,0.0327150899506501,7.32251101687481,0.1915963626660639,581.84,0.01
FRB20181225A,29.4629,24,65.7124,26,29.894690246556085,0.2027903997911979,65.72456470721527,0.2118136684653677,349.1,0.04
FRB20181226A,29.4894,19,65.714,20,29.46490130716778,0.1961597229307505,65.73325283025049,0.2035563376727793,348.81,0.01
FRB20181226D,120.0764,13,22.1814,14,120.28669581743446,0.171823169641218,22.157709057896017,0.048279034329056,385.338,0.005
FRB20181226E,297.3697,19,73.7039,22,303.34633151724864,0.2060728433667491,73.64109955925981,0.2215328695089482,308.78,0.01
FRB20181228B,254.6073,32,63.736,36,250.35110749515675,0.2018318010731171,63.84957345112439,0.2091391238406998,568.538,0.006
FRB20181229A,137.1914,26,41.9665,28,137.20115010124715,0.1739846198808817,42.0122894437449,0.1725545981764824,955.45,0.02
FRB20181231A,29.672,72,21.01,100,29.785510944412632,0.166950986270248,20.95958061526777,0.1818468951077463,1376.9,0.3
FRB20181231B,130.8028,24,56.0239,13,125.42172645492104,0.1131121583411396,55.94825567443971,0.1300763143725269,197.366,0.009
FRB20181231C,202.332,49,69.214,42,196.9604608800214,0.1929983253633109,69.17852705714972,0.2044857710925143,556.03,0.02
FRB20190102A,7.5613,18,26.7447,22,9.326492574320223,0.1803169425898793,26.71877350607308,0.0591680946145594,699.1,0.4
FRB20190102B,21.7419,20,21.5075,23,21.72696134444676,0.1782023969784337,21.38964102854218,0.2053478612469206,367.07,0.04
FRB20190103C,104.04,25,11.0347,34,104.28018286875336,0.1680054036210778,11.063095770813948,0.050844603980745,1349.3,0.1
FRB20190106B,338.0177,24,46.1942,13,333.2355480556388,0.0929723541798025,46.12842367840069,0.0839437426741334,316.536,0.002
FRB20190110A,67.4579,13,47.4804,14,64.95371399995469,0.028405691247719,47.4410418752751,0.0874124550356754,472.788,0.003
FRB20190110C,249.3278,25,41.4434,26,247.00720997693884,0.1931888218591178,41.423111449167926,0.0496338931608804,222.01,0.01
FRB20190111B,259.9929,14,13.5434,17,260.09888517183936,0.153572293791786,13.52830006511941,0.0307607147856066,1336.87,0.01
FRB20190115B,77.5418,25,82.0083,29,76.2685322287687,0.2009915271093876,82.05812892644545,0.2316953393134397,748.18,0.03
FRB20190116A,192.27,66,27.164,88,192.30021915794427,0.1983262297825224,27.15523881193777,0.2104466022903093,445.0,0.5
FRB20190117A,331.6579,15,17.3688,16,331.86504080379973,0.1815672856003091,17.373962348927364,0.2137833834964269,393.13,0.05
FRB20190118A,255.1068,11,11.4984,12,253.40219682089264,0.0281995468589727,11.546456441732854,0.0821862312460668,225.108,0.005
FRB20190121A,354.5985,14,78.5798,15,354.40313919197934,0.144728671217747,78.59653377574438,0.0240875145777081,425.28,0.03
FRB20190122C,200.4987,12,17.5914,13,199.27984931079504,0.0418932651656516,17.559077217927953,0.1506993299228867,690.032,0.008
FRB20190124B,214.7106,30,28.774,36,214.78741273287807,0.1568265536097039,28.80045648393653,0.1709820730704319,441.6,0.2
FRB20190124F,339.016,14,5.3271,17,339.01108231047584,0.1521555348929662,5.297695695159129,0.0254877881524295,254.799,0.004
FRB20190130B,173.7121,14,16.0527,15,172.1869282583361,0.1574460828339881,16.057721875630953,0.0763943554973298,988.75,0.01
FRB20190131E,206.7288,14,80.7734,18,196.37050610025105,0.038372042353582,80.9170201348509,0.2617876489359432,279.798,0.006
FRB20190201B,118.3688,21,55.4638,22,118.17311165932868,0.1826565424262198,55.58175219582674,0.1889682081433825,749.07,0.02
FRB20190202B,105.549,24,31.9041,14,,,,,464.839,0.004
FRB20190203A,128.9984,15,70.8421,16,138.76155314693034,0.0811623845296783,70.74147748015668,0.1275879232707808,420.586,0.006
FRB20190204B,255.7251,35,75.9264,35,255.66736719545065,0.1720963038946866,75.86347066429279,0.1864075067562254,1464.842,0.006
FRB20190206A,246.2702,17,9.3321,21,244.94913712255865,0.2189346227312604,9.361621493443112,0.258059291757915,188.353,0.003
FRB20190208C,126.0334,17,83.4001,20,140.78103696109443,0.0284280227791852,83.56226034719606,0.2234437302206089,238.323,0.005
FRB20190210B,104.0372,13,23.7992,15,104.24541780781894,0.1599418458008814,23.700015113300832,0.1591253537636348,624.24,0.01
FRB20190212B,139.7677,18,52.2019,19,139.97932253785814,0.173970061553453,52.112075018574856,0.1701626496378061,600.185,0.003
FRB20190212C,172.4552,32,28.146,38,172.6250543049811,0.1684257276274223,28.13144410871689,0.0469113167961161,1015.6,0.7
FRB20190213D,338.498,45,52.748,76,336.43643718138725,0.0183722760263696,52.71103078372623,0.1381485003916367,1346.7,0.4
FRB20190214C,218.8294,20,19.2882,26,219.12247987159395,0.2049036296512685,19.359742347196224,0.2307030839711767,532.95,0.01
FRB20190217A,94.8603,33,43.246,43,94.90465100718038,0.1939609878863815,43.11398660549193,0.1948025360325616,798.14,0.04
FRB20190224C,125.1238,19,19.8146,22,124.1229566406086,0.1886552237940075,19.78445832140605,0.2178510154838662,497.12,0.02
FRB20190224D,338.0643,16,89.0782,19,338.7083174463791,0.2016931515042076,89.04157568851373,0.234630387580438,752.892,0.006
FRB20190226A,58.8369,18,31.912,20,58.90717201684751,0.1889336604018163,31.937037123523684,0.1856308326394433,601.546,0.007
FRB20190227A,108.1239,14,56.2749,14,108.38153276055348,0.1033884064871679,56.34316020353782,0.1516811062271053,394.031,0.008
FRB20190301A,313.0391,19,69.7435,21,309.13509114622497,0.1899064872056958,69.84703268118199,0.2002864585902699,459.44,0.02
FRB20190303B,128.6877,11,66.0059,11,128.62229234397032,0.021660163718338,66.03249236043354,0.0469027487230633,193.429,0.005
FRB20190304A,118.3675,26,74.6021,18,129.09024469045622,0.0597514103590549,74.5583018701138,0.1800345790373256,483.521,0.008
FRB20190304B,204.9119,35,24.0913,34,204.9204597281192,0.1854358256730678,24.18588413349553,0.2043331358355313,469.9,0.02
FRB20190320A,61.3282,34,63.361,41,61.52403926407701,0.1975165398342963,63.36153622690588,0.2025285448001064,614.2,0.1
FRB20190320B,250.5549,15,39.7956,16,250.43060666287084,0.2251560178171347,39.62801155596849,0.2161406937078709,489.501,0.008
FRB20190320E,67.7107,19,89.134,22,67.21731674673512,0.0868544042906899,89.21358743629705,0.1814201481062767,299.09,0.02
FRB20190322A,110.564,93,51.176,78,110.73656149557904,0.186568883561832,51.29595174359408,0.1854966545912084,1059.68,0.08
FRB20190323B,192.8926,12,77.1408,12,192.9365272193315,0.0346212466001026,77.24813970382635,0.1548987891714759,789.527,0.007
FRB20190327A,281.3318,14,34.2765,14,281.3465442858973,0.1584314526648131,34.27724381823711,0.0500058017615501,346.579,0.007
FRB20190405B,306.6506,33,88.6207,28,242.8536239522175,0.0027796236982798,89.2031846312608,0.0146437445291525,1113.72,0.07
FRB20190410B,267.6038,14,15.1121,17,265.84700761366537,0.0226596946088413,15.170505594726484,0.195297320423526,642.152,0.008
FRB20190411B,154.102,48,29.317,119,154.08841538658217,0.1946742065708048,29.22960132849545,0.2060357073818579,1229.417,0.007
FRB20190411C,10.6856,11,20.479,11,9.406834954322898,0.0507223459984996,20.501778181337464,0.2026276299223806,233.714,0.008
FRB20190412A,243.2154,18,61.8405,19,243.3875800180897,0.1543664729224473,61.86759350127755,0.1524790213071938,364.55,0.01
FRB20190417C,45.6485,11,71.2554,11,45.51465138420311,0.0310097484775178,71.2520703329638,0.0470613630489609,320.266,0.004
FRB20190418A,65.8093,26,16.0791,33,65.8777755073419,0.1844293723257461,16.041189267192742,0.2235527334225455,184.473,0.003
FRB20190419B,256.4518,15,86.7633,19,257.0133230449173,0.1624168892896766,86.72557548250367,0.0602323321224176,165.13,0.02
FRB20190420B,94.443,38,70.074,39,94.56707297245406,0.1536704072991228,70.11836813099615,0.0203377229547996,846.646,0.009
FRB20190423A,179.4682,11,55.318,11,179.46254321839248,0.0604772536042529,55.24262457755834,0.1519219120680048,242.6,0.008
FRB20190423D,30.0391,23,84.6806,30,28.7697531770264,0.186100678078662,84.79139261588045,0.2223245315178061,496.0,1.0
FRB20190425A,255.6698,11,21.5779,11,255.79030761270712,0.1446092384200031,21.52348303245597,0.17736301387181,128.14,0.01
FRB20190425B,153.4102,15,88.3676,17,216.34235170724685,0.0344883429213083,88.69809342071736,0.0533649518533749,1031.63,0.01
FRB20190427A,78.9486,22,7.8184,29,79.0293156067032,0.173006005757459,7.764639302745518,0.2270068035770633,455.78,0.01
FRB20190430C,277.2066,15,24.765,16,277.28905121111046,0.2242562670540769,24.921063894454555,0.2160567525083507,400.3,0.3
FRB20190501B,261.1994,27,54.2544,19,261.43074690319446,0.1844677593678696,54.362592563059344,0.1798292074930074,783.967,0.004
FRB20190502A,165.0863,15,59.9156,16,164.95750324845403,0.1304544739460386,59.94730126565927,0.1285304445531494,625.74,0.01
FRB20190502B,212.0159,33,64.459,38,211.9669650986685,0.1219040274891748,64.4374392184466,0.0341478432519508,918.6,0.2
FRB20190502C,155.1462,17,82.9981,25,156.40854805957736,0.1333185359677753,82.96736666612716,0.0322214170864256,396.878,0.009
FRB20190517C,89.4981,13,26.5541,14,87.55855672309028,0.192061955018145,26.623522636086125,0.1963066729908682,335.54,0.06
FRB20190518C,241.9646,16,4.6332,21,242.11251617342884,0.0669674322378178,4.644704020966527,0.2028106108196863,443.964,0.006
FRB20190519E,169.627,60,41.709,79,168.30531269580473,0.1971543168813453,41.64940799363028,0.1999181130019316,693.622,0.007
FRB20190519G,306.6143,27,72.4144,30,306.5011243791341,0.1007335208771952,72.33957406070755,0.1690927279937142,429.5,0.5
FRB20190519H,339.8638,12,87.3777,12,343.6464809357783,0.0517496257233034,87.40049963800053,0.0166578147625315,1170.878,0.006
FRB20190604G,120.8081,15,59.5008,16,120.7391919289176,0.0042381201979297,59.54802354423991,0.0667944442299379,232.998,0.007
FRB20190606A,29.5339,17,65.7161,20,218.8757009569956,0.2280170909391945,53.28277384196437,0.2269360284989972,349.8,0.5
FRB20190606B,29.4852,16,65.7143,17,107.15268453033178,0.1796150544578307,86.85268704893289,0.1973513833648539,348.96,0.03
FRB20190605C,170.112,12,-5.1578,15,168.441309224066,0.0497403583035452,-5.18147201060332,0.0959824959057438,187.713,0.005
FRB20190607B,41.936,37,49.624,40,42.01576948416182,0.1752224385508008,49.62536443456709,0.1842088779911073,289.331,0.002
FRB20190608A,359.226,43,19.175,49,359.3057209859847,0.2218635997226148,19.16550504717078,0.2450265879895319,722.14,0.01
FRB20190609A,21.8256,26,87.7004,23,347.92464155317447,0.2615541746690421,87.95923373868689,0.3254058836140885,316.684,0.003
FRB20190609B,208.3177,24,88.3412,15,213.9293243129647,0.142617438763361,88.35567806831787,0.0636603173327685,292.174,0.007
FRB20190609C,73.3278,35,24.098,37,73.2364474762771,0.2310379382640885,24.060563399816395,0.2543500366747455,479.852,0.005
FRB20190609D,118.513,39,51.742,40,115.92081214362906,0.0373660585373272,51.69287451476246,0.1798103284422296,511.56,0.02
FRB20190611A,65.6706,23,73.6545,27,61.269790591226425,0.203178714806094,73.6369825250961,0.2215334755430547,191.0,2.0
FRB20190612A,148.0969,31,70.52,36,148.010062514887,0.1972778294686683,70.42051546408027,0.2083066597866647,433.14,
FRB20190612B,222.1114,16,4.3905,23,222.30844760125711,0.2184879980913621,4.307208418614493,0.1222213564353444,187.524,0.007
FRB20190613A,257.4063,29,18.9287,36,257.46899613275497,0.184529215568255,18.847877983919066,0.2137571761023728,714.71,0.03
FRB20190613B,65.7428,13,42.6817,14,65.77799802797634,0.0513449465020494,42.67234374473347,0.1326947004091927,285.088,0.005
FRB20190614A,230.7554,22,88.0029,24,176.88906441188482,0.0972167381142904,88.3018045828548,0.2218752335669336,1063.917,0.006
FRB20190614C,356.484,53,35.992,73,356.541881175617,0.2216918315347168,35.91408369611983,0.2255947249854095,589.1,0.1
FRB20190616A,234.2437,20,34.4844,22,234.0766691177601,0.2084447716335775,34.485318835474445,0.2136807742963711,212.511,0.005
FRB20190617A,177.7378,11,83.806,11,178.88300712370972,0.0866965227242638,83.85419801267003,0.0654889146950452,195.749,0.006
FRB20190617B,58.0429,17,1.4016,29,56.52771383473066,0.0151504688938712,1.1624764099068428,0.2622227126412593,272.73,0.07
FRB20190617C,134.289,46,35.742,50,134.41505097653277,0.2075029769849903,35.70097678815144,0.2130916403015597,638.9,0.02
FRB20190618A,323.1785,12,25.4747,12,321.30811655271634,0.1740064503217233,25.44167833065182,0.0792448538934049,228.92,0.006
FRB20190619A,165.1518,22,68.3139,25,165.05116207177662,0.2124061149881317,68.3681201079411,0.2295909722138134,899.82,0.01
FRB20190619B,231.5826,24,82.0046,28,231.15811339472333,0.195549306204386,82.14928622784572,0.2256217697836078,270.549,0.003
FRB20190619C,39.6424,17,36.2258,18,38.53839296594715,0.0745691071390938,36.33094007937155,0.2037677620752163,488.072,0.003
FRB20190619D,114.6547,28,41.7227,28,114.8144341289183,0.2055820038186994,41.58910222874634,0.2109559045689444,378.8,0.2
FRB20190621A,188.09,48,74.135,71,181.421920992202,0.2475803067794206,74.20576507615947,0.2742624472848405,195.94,0.02
FRB20190621B,192.838,68,55.621,71,193.11053602421063,0.2222113376957198,55.641457509355575,0.2235815460958008,1061.14,0.02
FRB20190621C,204.9242,17,5.2158,23,206.66876220703136,0.2057816549909488,5.234332154921905,0.2897515643758637,570.342,0.007
FRB20190621D,278.0152,21,78.8804,26,262.37447765829165,0.3372339014601515,78.73389961886686,0.2362944140276255,647.32,0.04
FRB20190622A,298.467,57,85.781,62,297.7695672719323,0.228851318624159,85.8104910887599,0.2901603535597203,1122.807,0.009
FRB20190623A,270.5694,31,24.495,36,270.5440784966563,0.2256181840400563,24.52267628404088,0.2614617983028733,1082.16,0.01
FRB20190623C,193.502,47,86.045,58,193.78618350080163,0.2333036193668649,86.03876381704418,0.3080116002517528,1049.94,0.01
FRB20190624A,168.0632,34,69.7932,30,168.17175011183815,0.1918125683312511,69.77675229101136,0.0489998578192825,973.9,0.1
FRB20190624B,308.6502,23,73.5968,11,310.3011785063465,0.0359195782167172,73.71465733700157,0.0272952161624431,213.947,0.008
FRB20190625E,65.685,46,73.67,48,59.21737813522141,0.2179477898531986,73.63770871334201,0.2458745840272485,188.61,0.03
FRB20190626A,65.701,37,73.669,37,72.3088424071231,0.2171604453509304,73.65550207774059,0.2462750790749197,191.2,0.5
FRB20190627A,196.028,67,0.98,149,195.99751438067145,0.2431614349484344,0.7466217348157801,0.3687018826619556,404.3,0.1
FRB20190627C,267.7766,25,71.6293,16,267.70573301371167,0.0764822295839206,71.58582225855328,0.1618140651113435,968.5,0.01
FRB20190627D,295.431,104,43.856,91,295.34162729021466,0.2106680501942466,43.84022356036516,0.2215650922863723,2000.31,0.03
FRB20190628A,199.164,38,51.696,41,199.04716829416816,0.2160901514016905,51.7525325276951,0.2191615168797085,745.79,0.008
FRB20190628B,249.194,41,80.093,48,248.06782963516173,0.1958823871897312,80.14547205891634,0.0826441517310598,407.99,0.02
FRB20190628C,11.453,101,48.591,99,11.519266957777363,0.2091231877591017,48.587557380057234,0.0740581549104639,1746.8,0.3
FRB20190629A,4.877,45,12.501,52,6.267097345264524,0.0798363241786011,12.674351894094912,0.245712405425615,503.54,0.03
FRB20190630B,328.3149,13,42.9525,13,328.23224605896075,0.1423222551448926,43.01115306672654,0.1362442488788744,651.7,0.3
FRB20190630C,67.3687,22,80.9195,29,67.90948124812704,0.2078232421608705,80.95570410135596,0.0865624885917881,1660.21,0.01
FRB20190630D,143.4744,19,8.814,25,143.45607575144646,0.1903918604485173,8.899970761689426,0.2476948158564393,323.54,0.003
FRB20190701A,277.242,43,59.029,56,277.42068327703873,0.2109647830109821,59.04291811015098,0.2143570866450481,637.091,0.009
FRB20190701B,302.1952,20,80.0913,24,302.509668493674,0.216881013092621,80.17205651784874,0.2416496383121895,749.093,0.008
FRB20190701C,83.798,34,81.594,42,95.8218741107252,0.2230578147616295,81.63659492219472,0.2648763522151114,973.79,0.01
FRB20190701D,111.7658,16,66.7667,17,111.98843998516756,0.1687498246031232,66.69500290663511,0.1613036659760496,933.32,0.03
