intrinsic_alpha,inferred_alpha,inferred_alpha_error,snr_coherent,snr_low_freq,snr_high_freq,angular_offset_deg,angular_offset_rad,dm_pc_cm3,luminosity_jy_kpc2,flux_density_jy,snr_ratio_L_to_total,snr_ratio_H_to_total
-3.034,-4.136,0.035,2177.83,2513.44,566.49,0.1316,0.002298,120,4.53558e+13,114.972,1.154,0.26
-0.557,-0.823,0.014,1276.54,1021.63,783.66,0.0546,0.000954,30,7.88758e+11,46.2581,0.8,0.614
-0.249,-0.416,0.011,863.92,651.7,570.07,0.0429,0.000748,210,2.7751e+13,29.8912,0.754,0.66
-3.525,-3.933,0.019,703.93,785.51,209.99,0.0801,0.001398,190,2.97798e+13,22.405,1.116,0.298
-3.498,-3.984,0.017,648.39,726.18,190.78,0.0853,0.001489,110,7.23019e+12,21.4433,1.12,0.294
-3.819,-4.557,0.021,539.75,631.31,132.01,0.1064,0.001857,50,1.12917e+12,19.9154,1.17,0.245
-0.242,-0.419,0.012,509.88,383.31,337.77,0.0409,0.000713,570,1.36762e+14,17.4949,0.752,0.662
-1.092,-1.641,0.025,465.47,416.27,242.01,0.081,0.001414,270,3.75796e+13,19.4255,0.894,0.52
-2.351,-2.948,0.025,391.99,404.83,149.54,0.091,0.001589,290,4.939e+13,15.7016,1.033,0.381
-3.217,-5.056,0.041,372.76,459.79,67.37,0.1726,0.003012,50,1.68207e+12,30.5517,1.233,0.181
-2.463,-3.548,0.042,351.9,390.07,107.59,0.1294,0.002259,100,4.8115e+12,19.753,1.108,0.306
-1.601,-2.611,0.051,340.96,346.46,135.72,0.1194,0.002084,240,3.16362e+13,19.2063,1.016,0.398
-0.741,-0.871,0.014,330.33,266.45,200.71,0.0413,0.000722,670,1.59102e+14,11.1479,0.807,0.608
-0.308,-0.377,0.018,313.47,235.2,208.12,0.0295,0.000515,340,2.7124e+13,10.3064,0.75,0.664
-2.817,-2.798,0.024,247.71,249.54,100.78,0.0219,0.000381,130,3.12873e+12,6.7276,1.007,0.407
-1.51,-2.626,0.043,239.41,243.59,94.99,0.1239,0.002163,230,2.08761e+13,14.2892,1.017,0.397
-0.942,-1.141,0.034,235.59,197.56,135.61,0.0517,0.000902,690,1.40186e+14,8.2501,0.839,0.576
-0.345,-1.097,0.045,235.08,198.07,134.38,0.0958,0.001671,880,2.45208e+14,11.6465,0.843,0.572
-0.57,-3.278,0.109,234.13,267.06,64.05,0.2045,0.003569,140,1.94934e+13,47.1379,1.141,0.274
-0.145,-0.151,0.021,230.79,167.17,159.21,0.0112,0.000195,690,8.2017e+13,7.3331,0.724,0.69
-3.491,-5.369,0.06,223.48,279.94,36.12,0.1763,0.003076,180,2.09147e+13,18.2247,1.253,0.162
-1.788,-2.113,0.036,204.57,192.86,96.44,0.0654,0.001141,640,1.56542e+14,7.2703,0.943,0.471
-3.042,-6.676,0.069,196.55,262.08,15.89,0.2494,0.004354,40,1.74277e+12,51.6117,1.333,0.081
-0.804,-2.873,0.082,186.67,200.95,63.05,0.1735,0.003029,620,2.77925e+14,22.6327,1.076,0.338
-0.355,-1.344,0.062,184.06,161.47,98.83,0.1116,0.001947,220,1.11532e+13,10.6599,0.877,0.537
-0.513,-1.518,0.051,176.64,158.02,91.79,0.1121,0.001956,80,1.29301e+12,10.1729,0.895,0.52
-0.015,-0.12,0.034,175.83,127.93,120.73,0.0416,0.000725,1120,1.67804e+14,6.0856,0.728,0.687
-2.927,-4.019,0.068,173.02,198.7,45.99,0.1327,0.002315,170,8.50488e+12,9.3856,1.148,0.266
-1.718,-2.645,0.048,157.25,159.82,62.57,0.1142,0.001994,80,1.1576e+12,8.301,1.016,0.398
-0.723,-2.092,0.079,157.11,153.48,68.71,0.1379,0.002408,240,1.62816e+13,11.9396,0.977,0.437
-0.702,-0.85,0.032,154.05,122.48,95.38,0.032,0.000559,830,1.1588e+14,5.0345,0.795,0.619
-1.958,-2.463,0.064,153.94,153.55,64.16,0.0915,0.001598,430,5.09772e+13,6.4638,0.997,0.417
-0.387,-1.787,0.074,151.78,141.39,73.27,0.1329,0.002319,380,3.833e+13,11.1698,0.932,0.483
-0.413,-1.292,0.044,137.41,118.2,76.13,0.1009,0.001761,580,6.24642e+13,7.1192,0.86,0.554
-3.948,-6.155,0.051,137.26,177.42,16.7,0.1916,0.003345,70,1.51662e+12,12.4689,1.293,0.122
-3.376,-7.315,0.066,135.59,183.07,8.69,0.2588,0.004517,20,3.05841e+11,38.5736,1.35,0.064
-1.463,-4.672,0.109,134.86,169.29,21.42,0.2329,0.004064,100,8.26053e+12,37.303,1.255,0.159
-2.596,-5.669,0.051,134.69,173.39,17.09,0.2242,0.003913,50,1.38391e+12,25.9088,1.287,0.127
-1.431,-2.424,0.06,132.07,130.93,55.84,0.115,0.002007,200,7.52238e+12,7.239,0.991,0.423
-0.579,-1.191,0.026,131.25,109.48,76.13,0.0772,0.001348,520,4.06459e+13,5.4976,0.834,0.58
-0.526,-1.899,0.085,129.94,123.08,60.68,0.1336,0.002332,520,6.89931e+13,9.5398,0.947,0.467
-0.611,-1.549,0.045,123.91,110.5,64.73,0.1062,0.001853,260,1.05865e+13,6.6705,0.892,0.522
-1.577,-7.44,0.093,123.34,169,5.43,0.3192,0.005571,60,1.23687e+13,165.697,1.37,0.044
-2.333,-3.782,0.045,118.01,132.36,34.53,0.1414,0.002468,290,2.40857e+13,7.6933,1.122,0.293
-0.527,-1.525,0.083,115.83,104.57,59.24,0.115,0.002008,510,4.7631e+13,6.877,0.903,0.511
-0.027,-1.604,0.1,105.42,96.08,53.01,0.1389,0.002424,110,2.01984e+12,8.6053,0.911,0.503
-2.82,-2.912,0.033,105.02,108.15,40.37,0.0547,0.000955,330,1.60562e+13,3.1781,1.03,0.384
-1.098,-2.668,0.093,104.28,107.39,40.09,0.1455,0.002539,260,1.48546e+13,8.3639,1.03,0.384
-3.566,-3.849,0.068,104.2,114.99,32.36,0.0656,0.001145,330,1.89156e+13,3.027,1.104,0.311
-2.845,-6.344,0.113,103.54,137.97,8.45,0.2532,0.004419,180,3.11939e+13,30.2518,1.333,0.082
-2.804,-2.834,0.047,99.61,102.51,38.36,0.0556,0.00097,270,8.83274e+12,3.032,1.029,0.385
-2.652,-6.943,0.116,98.79,133.84,5.86,0.2797,0.004881,80,7.18674e+12,47.9574,1.355,0.059
-1.045,-1.432,0.043,97.91,86.44,52.03,0.0768,0.001341,120,1.25171e+12,3.9751,0.883,0.531
-3.686,-4.28,0.089,97.42,112.8,24.97,0.1043,0.001821,50,2.03386e+11,3.6105,1.158,0.256
-3.14,-4.109,0.06,97.41,110.64,27.13,0.1157,0.00202,70,4.99037e+11,4.3333,1.136,0.278
-3.712,-4.864,0.05,97.37,117.77,19.94,0.1396,0.002437,250,1.45121e+13,4.9895,1.209,0.205
-0.518,-1.19,0.061,94.38,79.27,54.21,0.0845,0.001474,450,2.1897e+13,4.1981,0.84,0.574
-0.885,-1.455,0.08,93.97,83.97,48.93,0.0928,0.00162,270,8.06945e+12,4.3827,0.894,0.521
-0.021,-3.294,0.1,92.31,106.2,24.35,0.222,0.003875,200,2.17869e+13,27.1157,1.15,0.264
-2.386,-5.945,0.076,90.85,118.34,10.13,0.2399,0.004187,50,1.24215e+12,23.4946,1.303,0.112
-0.172,-1.976,0.126,89.69,88.55,38.29,0.1611,0.002812,190,7.24961e+12,9.7726,0.987,0.427
-2.063,-3.938,0.064,89.48,102.99,23.56,0.1653,0.002884,160,5.56927e+12,8.1176,1.151,0.263
-1.46,-2.899,0.082,89.25,93.47,32.75,0.1395,0.002434,50,3.22514e+11,6.3822,1.047,0.367
-0.304,-2.081,0.104,87.35,86.07,37.46,0.1561,0.002724,620,8.4443e+13,8.754,0.985,0.429
-1.642,-3.09,0.106,86.57,94.87,27.56,0.1542,0.002692,240,1.20383e+13,7.2433,1.096,0.318
-0.178,-1.604,0.1,85.34,78.21,42.49,0.1351,0.002357,1140,2.11928e+14,6.5609,0.916,0.498
-3.998,-6.828,0.028,84.02,111.2,7.63,0.2168,0.003785,300,5.67702e+13,10.7223,1.323,0.091
-3.898,-6.694,0.066,82.7,109.06,7.89,0.2153,0.003757,30,1.98433e+11,10.543,1.319,0.095
-3.706,-4.966,0.082,82.19,100.81,15.43,0.1515,0.002644,170,4.90602e+12,4.7909,1.227,0.188
-0.03,-0.655,0.058,81.94,65.61,50.27,0.0915,0.001597,1100,1.06776e+14,3.9664,0.801,0.614
-0.178,-0.915,0.051,80.8,65.51,48.76,0.0885,0.001544,80,4.68516e+11,3.7823,0.811,0.603
-2.436,-4.698,0.08,80.39,98.15,15.53,0.1891,0.003301,390,6.74846e+13,9.4622,1.221,0.193
-1.61,-1.831,0.067,79.28,72.36,39.76,0.0552,0.000963,270,5.9188e+12,2.7027,0.913,0.502
-3.198,-5.899,0.131,79.02,102.59,9.17,0.2166,0.003781,110,3.90436e+12,11.9474,1.298,0.116
-3.776,-7.049,0.117,77.54,104.51,5.15,0.2471,0.004313,150,1.2413e+13,16.5567,1.348,0.066
-0.395,-1.919,0.096,76.32,72.5,35.43,0.1397,0.002438,50,2.9308e+11,6.1089,0.95,0.464
-1.087,-1.251,0.061,75.86,65.97,41.31,0.0646,0.001128,530,2.71224e+13,2.8306,0.87,0.545
-3.893,-5.445,0.049,74.27,91.32,13.71,0.1468,0.002562,310,2.25606e+13,3.972,1.23,0.185
-0.594,-0.752,0.1,72.9,58.05,45.04,0.0473,0.000826,450,1.3637e+13,2.5415,0.796,0.618
-0.496,-1.517,0.126,72.65,67.48,35.26,0.1274,0.002224,410,2.08959e+13,4.968,0.929,0.485
-1.471,-1.807,0.068,72.6,67.08,35.6,0.075,0.001309,70,2.89921e+11,2.8185,0.924,0.49
-3.805,-6.526,0.057,72.54,94.61,7.98,0.2052,0.003581,130,4.28734e+12,8.1698,1.304,0.11
-0.262,-0.851,0.073,71.22,56.5,44.23,0.0729,0.001273,860,5.58472e+13,2.9337,0.793,0.621
-1.557,-2.313,0.081,69.81,67.9,30.83,0.0992,0.001731,380,1.628e+13,3.2546,0.973,0.442
-3.989,-4.273,0.076,69.74,79.06,19.56,0.063,0.0011,420,2.83967e+13,1.8798,1.134,0.28
-1.769,-2.406,0.06,66.48,64.54,29.48,0.0862,0.001505,480,2.68412e+13,2.7284,0.971,0.443
-0.218,-2.356,0.201,65.7,67.91,25,0.1758,0.003068,460,4.3206e+13,8.8368,1.034,0.381
-1.607,-2.153,0.085,65.32,62.88,29.5,0.0908,0.001585,570,4.08467e+13,2.8223,0.963,0.452
-0.819,-1.78,0.11,64.25,60.25,30.61,0.1175,0.002051,750,7.43472e+13,3.8287,0.938,0.476
-0.024,-0.457,0.092,64.01,49.31,41.21,0.0748,0.001306,500,1.45777e+13,2.6979,0.77,0.644
-0.445,-3.113,0.138,63.75,70.62,19.53,0.1956,0.003414,380,3.96067e+13,11.3263,1.108,0.306
-1.007,-1.068,0.08,63.35,53.39,36.19,0.0491,0.000858,300,5.27246e+12,2.1828,0.843,0.571
-0.981,-1.092,0.05,62.94,53.38,35.62,0.0565,0.000986,410,1.12048e+13,2.255,0.848,0.566
-1.36,-3.021,0.067,62.58,65.27,23.23,0.1414,0.002467,490,4.08732e+13,4.6302,1.043,0.371
-2.029,-2.274,0.087,62.31,60.59,27.54,0.0698,0.001219,50,1.15637e+11,2.2256,0.972,0.442
-0.998,-1.099,0.1,62.23,51.15,36.85,0.0231,0.000403,240,2.83314e+12,1.9581,0.822,0.592
-1.227,-3.211,0.088,62.01,68.94,18.75,0.1745,0.003046,180,5.6844e+12,7.2051,1.112,0.302
-1.799,-3.045,0.081,60.82,65.05,20.96,0.1365,0.002383,90,7.31353e+11,4.032,1.07,0.345
-2.242,-4.079,0.144,59.35,68.52,15.41,0.1611,0.002812,210,6.74214e+12,4.9665,1.155,0.26
-0.78,-1.504,0.07,58.98,51.54,31.88,0.0879,0.001535,100,5.51378e+11,2.6574,0.874,0.54
-1.242,-1.621,0.102,57.19,51.7,29.18,0.0774,0.00135,450,1.56858e+13,2.2984,0.904,0.51
-1.796,-2.812,0.082,56.58,57.72,22.3,0.1125,0.001964,350,1.27493e+13,2.9113,1.02,0.394
-2.683,-4.217,0.116,56.42,64.01,15.78,0.1346,0.00235,170,2.82759e+12,3.2424,1.134,0.28
-0.822,-1.924,0.13,56.15,54.44,24.97,0.1311,0.002288,200,3.62038e+12,3.8936,0.97,0.445
-0.583,-2.562,0.153,55.57,57.9,20.68,0.1676,0.002925,650,7.80469e+13,6.3527,1.042,0.372
-0.118,-2.691,0.142,55.1,60.04,17.89,0.198,0.003455,900,2.03053e+14,10.6248,1.09,0.325
-0.484,-2.246,0.111,54.85,54.46,23.12,0.1526,0.002664,660,6.23656e+13,5.1542,0.993,0.421
-1.554,-2.212,0.094,54,51.47,24.91,0.0882,0.001539,70,2.37498e+11,2.2959,0.953,0.461
-3.321,-3.382,0.092,53.77,58.19,17.85,0.0641,0.001118,220,3.02272e+12,1.6019,1.082,0.332
-2.096,-2.333,0.102,53.76,51.53,24.51,0.052,0.000907,660,4.74271e+13,1.7317,0.958,0.456
-0.791,-2.999,0.116,53.46,58.25,17.36,0.1789,0.003123,30,1.20583e+11,7.023,1.09,0.325
-2.36,-3.194,0.116,53.37,56.27,19.2,0.104,0.001814,350,1.23227e+13,2.3762,1.054,0.36
-1.614,-2.828,0.122,53.1,55.29,19.8,0.1308,0.002283,360,1.50107e+13,3.3746,1.041,0.373
-0.22,-0.368,0.067,52.26,39.71,34.2,0.0513,0.000895,210,1.7399e+12,1.8842,0.76,0.654
-0.523,-3.724,0.115,51.76,61.33,11.87,0.2231,0.003893,480,8.6392e+13,14.3106,1.185,0.229
-1.873,-2.914,0.138,51.6,55.15,17.83,0.1332,0.002325,390,1.93488e+13,3.2657,1.069,0.346
-0.502,-0.619,0.092,51.34,39.41,33.2,0.0224,0.000392,1100,6.28954e+13,1.647,0.768,0.647
-2.35,-10.661,0.12,49.65,69.85,0.36,0.3997,0.006976,50,1.67185e+13,316.785,1.407,0.007
-0.789,-0.876,0.127,49.27,40.15,29.54,0.0446,0.000778,70,1.65228e+11,1.6822,0.815,0.599
-2.051,-3.382,0.106,48.65,53.02,15.78,0.1364,0.002381,490,3.62459e+13,3.1175,1.09,0.324
-1.914,-3.455,0.123,48.24,55.03,13.19,0.1653,0.002885,100,1.03538e+12,4.4789,1.141,0.274
-1.338,-3.019,0.129,47.9,53.35,14.39,0.1719,0.002999,310,1.50459e+13,5.2801,1.114,0.3
-0.004,-1.805,0.105,46.97,43.86,22.57,0.1478,0.00258,390,1.38451e+13,4.3234,0.934,0.48
-1.675,-4.925,0.09,46.96,57.91,8.49,0.2162,0.003774,240,1.59236e+13,9.5141,1.233,0.181
-2.506,-4.705,0.143,46.38,57.08,8.51,0.1924,0.003357,440,5.77967e+13,5.6431,1.231,0.184
-0.2,-0.441,0.127,45.73,34.22,30.45,0.0423,0.000738,350,4.28542e+12,1.5802,0.748,0.666
-2.119,-2.856,0.158,45.32,47.45,16.64,0.1116,0.001948,180,2.03635e+12,2.227,1.047,0.367
-1.109,-3.129,0.162,44.96,49.13,14.45,0.1705,0.002975,100,1.07378e+12,5.0157,1.093,0.321
-0.779,-2.265,0.137,44.59,43.01,20.05,0.1307,0.002282,430,1.5993e+13,3.0917,0.965,0.45
-1.85,-1.933,0.124,44.31,41.49,21.17,0.0545,0.000951,260,3.12041e+12,1.4764,0.936,0.478
-2.059,-6.385,0.173,43.89,58.83,3.23,0.2774,0.004841,150,1.38268e+13,23.4449,1.341,0.074
-0.198,-0.932,0.121,43.71,36.29,25.53,0.0973,0.001699,130,7.48115e+11,2.2155,0.83,0.584
-3.827,-8.077,0.048,42.78,58.35,2.15,0.266,0.004643,90,2.66744e+12,12.3475,1.364,0.05
-3.333,-3.36,0.128,42.76,45.25,15.22,0.031,0.000542,450,1.6569e+13,1.1162,1.058,0.356
-1.17,-4.186,0.137,41.81,48.59,10.54,0.1969,0.003437,530,6.76826e+13,6.82,1.162,0.252
-0.444,-1.587,0.124,41.59,36.91,21.91,0.1121,0.001956,630,2.57327e+13,2.4064,0.887,0.527
-2.371,-2.281,0.128,41.51,39.92,18.78,0.0139,0.000242,1030,1.44362e+14,1.1645,0.962,0.452
-3.42,-6.978,0.14,41.01,53.03,4.97,0.2068,0.00361,290,2.11841e+13,5.1301,1.293,0.121
-3.025,-3.603,0.139,40.51,45.62,11.67,0.115,0.002007,780,1.38481e+14,1.8214,1.126,0.288
-0.82,-2.199,0.129,40.4,40.67,16.47,0.1462,0.002551,690,5.36947e+13,3.3687,1.007,0.408
-3.778,-4.314,0.17,40.09,44.52,12.18,0.0543,0.000949,130,5.59753e+11,1.0703,1.11,0.304
-2.102,-2.344,0.212,39.99,37.77,18.78,0.0346,0.000604,510,1.59401e+13,1.2028,0.945,0.47
-1.32,-1.651,0.118,39.98,36.38,20.16,0.076,0.001326,220,2.00443e+12,1.5814,0.91,0.504
-0.563,-3.606,0.133,39.88,46.79,9.61,0.2174,0.003794,170,6.21819e+12,9.9463,1.173,0.241
-1.903,-3.387,0.14,39.74,44.83,11.37,0.1599,0.002791,790,1.42288e+14,3.4454,1.128,0.286
-0.52,-1.762,0.169,39.73,39.33,16.86,0.1504,0.002624,490,2.2784e+13,3.6085,0.99,0.424
-3.327,-6.482,0.144,39.71,52.06,4.09,0.2235,0.003901,470,1.09896e+14,6.4788,1.311,0.103
-0.29,-1.763,0.13,39.48,36.68,19.15,0.1357,0.002368,410,1.18809e+13,3.0315,0.929,0.485
-0.177,-0.512,0.095,39.36,29.69,25.97,0.0507,0.000885,750,1.92013e+13,1.4162,0.754,0.66
-2.562,-2.963,0.12,39.31,42.02,13.57,0.1024,0.001787,520,2.85516e+13,1.6835,1.069,0.345
-0.27,-0.512,0.157,39.03,30.67,24.53,0.0673,0.001175,1320,7.25873e+13,1.5456,0.786,0.628
-1.588,-1.279,0.166,38.97,34.59,20.52,0.0279,0.000487,630,2.23937e+13,1.1973,0.888,0.527
-3.976,-5.19,0.109,38.76,47.63,7.18,0.1431,0.002498,220,4.22167e+12,1.964,1.229,0.185
-0.281,-0.502,0.14,38.36,30.03,24.22,0.0644,0.001124,1330,7.17002e+13,1.4895,0.783,0.631
-1.267,-1.381,0.163,38.34,33.7,20.52,0.057,0.000995,300,3.4985e+12,1.353,0.879,0.535
-3.558,-4.437,0.178,37.88,45.98,7.59,0.1484,0.00259,580,8.10289e+13,2.1909,1.214,0.2
-0.244,-0.454,0.125,37.8,28.38,25.07,0.0396,0.00069,940,2.92885e+13,1.2898,0.751,0.663
-0.804,-0.947,0.099,37.72,31.72,21.64,0.0655,0.001143,800,3.22991e+13,1.4391,0.841,0.573
-1.687,-3.136,0.223,37.66,38.94,14.32,0.1242,0.002168,50,1.12937e+11,2.2103,1.034,0.38
-0.532,-1.939,0.148,36.77,35.27,16.73,0.1382,0.002412,840,6.08729e+13,2.8529,0.959,0.455
-1.442,-3.445,0.134,36.55,42.3,9.38,0.1873,0.003269,440,3.43614e+13,4.9454,1.157,0.257
-1.963,-4.319,0.205,36.03,45.39,5.57,0.2231,0.003893,260,1.67331e+13,7.7138,1.26,0.155
-2.72,-3.601,0.138,35.95,40.26,10.58,0.125,0.002181,420,1.79939e+13,1.8591,1.12,0.294
-1.899,-3.572,0.119,35.75,39.71,10.85,0.1519,0.002652,410,1.91235e+13,2.807,1.111,0.304
-1.531,-1.784,0.15,35.54,32.53,17.73,0.0643,0.001122,480,1.14898e+13,1.2818,0.915,0.499
-3.663,-7.464,0.136,35.33,48.02,1.94,0.2635,0.004598,40,3.51285e+11,10.1526,1.359,0.055
-0.692,-2.104,0.122,35.3,33.98,15.95,0.1333,0.002326,1190,1.34075e+14,2.5428,0.962,0.452
-1.009,-1.24,0.216,35.07,31.69,17.9,0.0914,0.001595,290,3.57769e+12,1.6009,0.904,0.511
-3.616,-3.048,0.167,34.98,37.68,11.79,0.0179,0.000312,560,2.89318e+13,0.8574,1.077,0.337
-0.108,-0.184,0.17,34.69,25.44,23.62,0.0364,0.000635,710,1.36594e+13,1.1736,0.733,0.681
-1.895,-2.709,0.12,34.63,35.13,13.85,0.1046,0.001826,830,7.75158e+13,1.6373,1.014,0.4
-2.921,-6.186,0.077,34.46,45.71,3.02,0.2461,0.004296,310,3.84369e+13,8.797,1.327,0.088
-0.819,-2.701,0.183,34,35.82,12.27,0.1643,0.002868,450,2.10699e+13,3.6129,1.053,0.361
-1.566,-3.363,0.18,33.58,36.87,10.63,0.1577,0.002752,1020,2.02602e+14,2.967,1.098,0.316
-1.951,-1.995,0.154,33.44,31.72,15.57,0.0564,0.000985,330,4.39714e+12,1.1151,0.949,0.466
-1.547,-2.055,0.183,33.1,31.03,15.78,0.079,0.001379,950,7.27732e+13,1.3134,0.938,0.477
-1.391,-1.976,0.13,32.77,29.67,16.67,0.0676,0.00118,610,1.90552e+13,1.2193,0.905,0.509
-1.614,-1.901,0.146,32.67,31.05,15.14,0.0831,0.00145,540,1.67183e+13,1.3282,0.951,0.464
-0.396,-1.333,0.269,32.09,28.49,16.89,0.1144,0.001997,340,5.15995e+12,1.911,0.888,0.526
-0.176,-3.381,0.14,31.98,38.39,6.82,0.2377,0.004149,350,3.26246e+13,12.1156,1.201,0.213
-1.266,-2.191,0.138,31.79,29.32,15.64,0.087,0.001519,250,2.31229e+12,1.3721,0.922,0.492
-2.781,-4.45,0.157,31.67,39.09,5.7,0.1864,0.003254,90,6.65943e+11,3.3734,1.234,0.18
-3.162,-4.164,0.173,31.58,36.54,8.12,0.1282,0.002237,250,4.05892e+12,1.5777,1.157,0.257
-2.76,-2.722,0.222,31.5,33.21,11.33,0.081,0.001414,310,4.67247e+12,1.1171,1.054,0.36
-1.859,-2.189,0.162,31.48,31.46,13.06,0.0982,0.001713,590,2.51443e+13,1.4111,0.999,0.415
-1.124,-3.949,0.122,30.75,36.47,7.02,0.2083,0.003635,490,4.85209e+13,6.0386,1.186,0.228
-0.366,-1.39,0.146,30.61,26.41,16.88,0.1044,0.001823,1740,1.4902e+14,1.6463,0.863,0.552
-1.764,-9.869,0.05,30.5,42.65,0.48,0.3714,0.006482,120,4.07177e+13,119.196,1.398,0.016
-1.879,-3.361,0.132,30.27,32.43,10.38,0.1342,0.002343,90,3.5352e+11,1.9356,1.071,0.343
-0.018,-0.404,0.174,30.26,24.61,18.18,0.0984,0.001718,170,8.97436e+11,1.5636,0.813,0.601
-0.319,-2.522,0.177,30.14,31.84,10.79,0.1808,0.003155,620,4.19674e+13,4.3185,1.056,0.358
-0.799,-1.212,0.182,29.83,25.5,16.68,0.0756,0.001319,690,1.92234e+13,1.2191,0.855,0.559
-3.231,-4.227,0.156,29.76,34.78,7.3,0.1325,0.002312,60,1.26237e+11,1.5358,1.169,0.245
-1.627,-3.772,0.125,29.72,36.16,5.87,0.2092,0.003651,320,1.81046e+13,5.4344,1.217,0.198
-3.982,-3.855,0.163,29.68,32.82,9.15,0.0119,0.000208,230,1.67457e+12,0.687,1.106,0.308
-1.338,-1.605,0.208,29.62,27.19,14.71,0.0798,0.001393,660,2.2433e+13,1.2027,0.918,0.497
-2.367,-2.423,0.196,29.57,30.15,11.66,0.0813,0.001419,120,4.0238e+11,1.1,1.02,0.394
-2.996,-6.292,0.098,28.81,37.62,3.12,0.2274,0.003969,130,2.5484e+12,5.3607,1.306,0.108
-1.747,-1.786,0.16,28.71,26.64,13.97,0.0561,0.000979,370,4.83369e+12,0.9727,0.928,0.486
-0.97,-0.989,0.199,28.67,23.46,17.09,0.0211,0.000369,630,1.2441e+13,0.8996,0.818,0.596
-1.989,-3.175,0.089,28.63,31.8,8.69,0.1487,0.002596,270,5.11803e+12,2.1348,1.111,0.304
-2.442,-2.22,0.196,28.31,29.53,10.5,0.0926,0.001615,440,1.13574e+13,1.1353,1.043,0.371
-0.739,-1.023,0.179,28.26,23.03,16.94,0.05,0.000872,940,3.12407e+13,0.9915,0.815,0.599
-0.48,-1.554,0.207,28.01,26.6,13.01,0.1364,0.002381,480,1.26741e+13,2.1355,0.95,0.465
-1.221,-1.38,0.229,27.93,24.48,15.02,0.059,0.001029,210,1.11683e+12,0.9994,0.877,0.538
-3.648,-3.683,0.313,27.91,32.07,7.4,0.0997,0.00174,530,2.85481e+13,1.0026,1.149,0.265
-3.424,-3.419,0.224,27.86,30.3,9.1,0.0608,0.001062,150,5.74722e+11,0.8052,1.088,0.327
-0.986,-1.346,0.156,27.83,24.88,14.48,0.0872,0.001522,930,4.44227e+13,1.2288,0.894,0.52
-2.565,-3.273,0.211,27.28,28.79,9.78,0.0936,0.001634,350,5.994e+12,1.0869,1.055,0.359
-0.671,-1.039,0.263,27.14,22.47,15.91,0.0666,0.001163,830,2.3735e+13,1.0504,0.828,0.586
-1.717,-4.743,0.153,27.12,34.88,3.48,0.2443,0.004264,280,2.12835e+13,8.6683,1.286,0.128
-2.739,-3.585,0.178,27.05,29.78,8.47,0.1131,0.001973,540,2.54571e+13,1.2442,1.101,0.313
-1.308,-1.668,0.216,26.67,25.7,12.01,0.1072,0.001871,630,2.23466e+13,1.3703,0.964,0.45
-0.146,-1.069,0.295,26.38,23.53,13.77,0.1268,0.002214,1810,1.43893e+14,1.8387,0.892,0.522
-1.57,-5.458,0.193,26.36,34.79,2.48,0.2706,0.004723,20,1.0604e+11,13.8611,1.32,0.094
-3.011,-3.545,0.091,26.25,28.1,9.01,0.077,0.001344,390,7.57082e+12,0.8784,1.071,0.343
-2.632,-4.753,0.099,26.22,31.65,5.42,0.1758,0.003069,610,7.02192e+13,2.4882,1.207,0.207
-1.908,-2.892,0.318,26.15,28.19,8.8,0.1362,0.002378,220,2.42753e+12,1.7039,1.078,0.336
-0.918,-5.286,0.263,26.1,35.01,1.91,0.3007,0.005248,170,1.86413e+13,28.1988,1.341,0.073
-3.236,-3.183,0.154,26,28.55,8.21,0.0842,0.00147,330,5.03822e+12,0.8856,1.098,0.316
-1.913,-5.535,0.202,25.86,33.49,3.08,0.2458,0.00429,220,1.16215e+13,8.1496,1.295,0.119
-0.009,-1.585,0.225,25.69,24.09,12.24,0.1491,0.002602,1560,1.24125e+14,2.4034,0.938,0.476
-1.822,-1.294,0.257,25.51,23.69,12.39,0.0497,0.000868,80,1.17097e+11,0.833,0.929,0.485
-0.321,-1.669,0.219,25.32,24.83,10.97,0.1539,0.002686,170,1.48008e+12,2.4592,0.981,0.433
-2.473,-2.22,0.161,25.29,25.43,10.33,0.0625,0.001091,390,5.97301e+12,0.8273,1.006,0.408
-1.358,-1.63,0.147,25.15,22.48,13.08,0.0616,0.001075,290,2.20927e+12,0.9045,0.894,0.52
-2.828,-5.986,0.368,25.13,31.6,3.94,0.1989,0.003471,280,1.0206e+13,3.1592,1.257,0.157
-0.51,-0.822,0.206,25.08,20.54,14.93,0.0723,0.001262,1410,6.75163e+13,1.0169,0.819,0.595
-1.05,-0.942,0.128,25.06,21.7,13.74,0.0649,0.001132,570,1.05646e+13,0.9387,0.866,0.548
-0.812,-2.409,0.211,24.98,25.12,10.2,0.1461,0.00255,620,2.56742e+13,2.0827,1.006,0.408
-3.066,-3.271,0.177,24.87,28.87,6.3,0.1344,0.002347,70,1.54097e+11,1.3449,1.161,0.253
-2.198,-3.934,0.155,24.81,29.09,5.99,0.1715,0.002992,450,2.32691e+13,2.3897,1.173,0.242
-1.156,-1.904,0.39,24.46,24.79,9.8,0.1365,0.002382,720,3.69718e+13,1.7476,1.014,0.401
-3.952,-4.474,0.183,24.45,27.63,6.94,0.0623,0.001087,110,2.33463e+11,0.6604,1.13,0.284
-1.228,-0.85,0.172,24.43,21.1,13.45,0.0465,0.000811,190,7.3146e+11,0.8205,0.864,0.55
-1.388,-1.495,0.157,24.35,21.52,12.92,0.0496,0.000865,990,4.56631e+13,0.8209,0.884,0.531
-0.605,-6.702,0.19,24.3,33.24,1.12,0.3342,0.005832,270,9.71784e+13,56.4239,1.368,0.046
-1.062,-1.62,0.202,24.21,23.11,11.13,0.1143,0.001996,620,1.89887e+13,1.3658,0.955,0.46
-3.142,-4.555,0.178,24.21,30,4.24,0.1785,0.003115,200,3.07901e+12,2.1691,1.239,0.175
-1.399,-3.596,0.181,24,28.25,5.69,0.1971,0.003439,150,2.03425e+12,3.7827,1.177,0.237
-1.904,-1.375,0.197,23.77,22.87,10.75,0.0714,0.001245,640,1.97846e+13,0.8676,0.962,0.452
-2.48,-3.825,0.193,23.77,28.06,5.55,0.1664,0.002904,290,6.65624e+12,2.048,1.181,0.234
-1.093,-1.867,0.21,23.75,21.56,12.03,0.0888,0.00155,900,3.76792e+13,1.0544,0.908,0.506
-0.515,-2.926,0.489,23.72,29,4.54,0.2393,0.004176,330,2.28294e+13,8.7194,1.223,0.191
-1.401,-1.235,0.14,23.64,20.79,12.63,0.0439,0.000766,990,4.35827e+13,0.7766,0.88,0.535
-3.245,-3.355,0.285,23.49,28.05,5.17,0.1476,0.002576,410,1.53829e+13,1.4222,1.194,0.22
-1.257,-1.8,0.154,23.48,21.66,11.55,0.0876,0.001529,200,1.026e+12,1.0193,0.922,0.492
-2.561,-2.082,0.225,23.4,24.01,9.09,0.0726,0.001267,700,3.34123e+13,0.8044,1.026,0.388
-0.145,-0.225,0.121,23.26,17.83,15.07,0.0633,0.001105,330,2.12279e+12,0.901,0.766,0.648
-3.07,-2.651,0.205,22.99,24.85,7.66,0.0813,0.00142,590,2.45312e+13,0.7853,1.081,0.333
-0.195,-0.305,0.139,22.88,17.29,15.07,0.05,0.000872,910,1.68457e+13,0.8198,0.756,0.659
-0.209,-2.236,0.218,22.88,23.66,8.7,0.1762,0.003076,110,7.41479e+11,3.0995,1.034,0.38
-2.722,-5.688,0.211,22.74,28.52,3.63,0.2001,0.003493,230,5.57428e+12,2.9684,1.255,0.16
-1.717,-1.434,0.161,22.63,21.08,10.92,0.0621,0.001084,510,8.97908e+12,0.794,0.932,0.483
-0.908,-2.516,0.407,22.61,23.95,8.03,0.1637,0.002857,500,1.82072e+13,2.3552,1.059,0.355
-3.232,-3.468,0.145,22.37,25.2,6.43,0.1054,0.001839,520,2.01159e+13,0.896,1.127,0.287
-0.623,-0.568,0.171,22.35,17.51,14.09,0.0273,0.000477,1140,3.27508e+13,0.7225,0.784,0.631
-3.448,-3.96,0.574,22.18,27.93,3.44,0.1821,0.003178,400,2.11321e+13,1.965,1.259,0.155
-2.175,-3.182,0.452,22.14,27.97,3.34,0.2198,0.003835,270,1.08224e+13,4.318,1.263,0.151
-1.423,-1.434,0.172,21.98,20.87,10.22,0.0935,0.001631,210,1.14668e+12,0.9874,0.949,0.465
-0.382,-4.238,0.366,21.96,27.46,3.59,0.255,0.004451,890,2.43292e+14,11.015,1.251,0.164
-2.192,-1.999,0.294,21.86,21.4,9.52,0.0624,0.001089,260,1.68293e+12,0.7358,0.979,0.435
-1.607,-1.522,0.202,21.74,19.78,10.96,0.0531,0.000926,480,6.77195e+12,0.7336,0.91,0.504
-3.385,-4.499,0.224,21.54,25.17,5.29,0.126,0.002199,270,3.40146e+12,1.0162,1.169,0.245
-2.128,-2.609,0.204,21.4,22.99,7.28,0.1255,0.00219,450,1.14411e+13,1.206,1.074,0.34
-0.458,-3.495,0.213,21.35,24.66,5.54,0.2127,0.003713,690,6.60085e+13,5.0087,1.155,0.26
-0.744,-4.466,0.228,21.34,27.44,2.73,0.2659,0.004641,200,1.12014e+13,12.2193,1.286,0.128
-1.447,-2.123,0.337,21.28,20.81,9.28,0.1076,0.001878,280,2.48834e+12,1.0831,0.978,0.436
-0.611,-2.29,0.2,21.18,21.66,8.29,0.1596,0.002786,890,5.51592e+13,2.1586,1.023,0.391
-2.278,-3.947,0.384,21.15,27.03,2.88,0.2262,0.003948,140,2.31531e+12,4.4761,1.278,0.136
-2.469,-6.387,0.305,21.15,28.4,1.51,0.2711,0.004731,540,1.67177e+14,9.1786,1.343,0.071
-2.195,-1.755,0.267,21.14,20.27,9.63,0.0416,0.000726,230,1.0875e+12,0.6459,0.959,0.455
-2.923,-4.067,0.188,21.14,24.52,5.37,0.1397,0.002438,610,4.00803e+13,1.2366,1.16,0.254
-0.022,0.091,0.192,21.04,15.02,14.72,0.0208,0.000362,1000,1.50923e+13,0.6807,0.714,0.7
-3.316,-6.551,0.067,21.03,27.49,2.25,0.2205,0.003849,160,2.71777e+12,3.2893,1.307,0.107
-1.222,-2.448,0.27,20.81,21.46,7.97,0.1415,0.002469,340,5.38895e+12,1.5668,1.031,0.383
-0.248,-2.821,0.186,20.65,22.31,6.9,0.1912,0.003337,120,1.00964e+12,3.5095,1.08,0.334
-0.296,-0.562,0.29,20.64,17.51,11.68,0.1011,0.001765,220,1.11575e+12,1.0791,0.848,0.566
-2.553,-5.474,0.238,20.55,27.32,1.74,0.2572,0.004488,320,2.95406e+13,6.8573,1.33,0.085
-0.37,-2.014,0.381,20.52,20.37,8.66,0.1564,0.00273,230,2.36856e+12,2.0527,0.992,0.422
-0.036,-0.317,0.214,20.39,14.69,14.15,0.0291,0.000508,1340,2.67468e+13,0.6739,0.72,0.694
-1.551,-3.208,0.288,20.36,21.48,7.32,0.1394,0.002433,480,1.29941e+13,1.4387,1.055,0.359
-1.079,-1.967,0.236,20.28,21.48,7.21,0.1579,0.002756,680,3.36999e+13,1.9136,1.059,0.355
-0.229,-3.347,0.257,20.26,23.1,5.55,0.2131,0.003719,900,1.01544e+14,4.9493,1.14,0.274
-1.61,-1.001,0.253,20.26,17.97,10.68,0.0227,0.000396,810,2.28834e+13,0.6139,0.887,0.527
-2.984,-5.932,0.178,20.22,26.75,1.84,0.2416,0.004217,360,3.20636e+13,4.7305,1.323,0.091
-3.801,-7.803,0.075,20.1,27.22,1.21,0.2537,0.004428,150,3.57646e+12,4.7542,1.354,0.06
-2.769,-2.266,0.219,20.09,20.71,7.69,0.0608,0.001061,330,3.13669e+12,0.6299,1.031,0.383
-0.724,-1.116,0.258,19.93,16.18,12,0.0488,0.000852,490,4.76498e+12,0.6958,0.812,0.602
-0.289,-1.141,0.202,19.92,15.45,12.72,0.0584,0.001019,360,2.20533e+12,0.7451,0.776,0.639
-0.534,-1.734,0.305,19.89,20.23,7.9,0.16,0.002793,130,7.23287e+11,2.0557,1.017,0.397
-0.169,-3.777,0.153,19.65,23.01,4.79,0.226,0.003945,930,1.27915e+14,6.0541,1.171,0.244
-0.96,-2.607,0.301,19.65,19.96,7.83,0.1447,0.002526,150,8.0169e+11,1.5851,1.016,0.399
-1.181,-2.057,0.203,19.59,20.65,7.05,0.1526,0.002663,380,7.545e+12,1.7021,1.054,0.36
-2.154,-2.191,0.264,19.52,19.06,8.55,0.0633,0.001105,90,1.23975e+11,0.6629,0.976,0.438
-0.049,-1.296,0.207,19.48,17.4,10.14,0.1312,0.002291,80,1.7684e+11,1.4418,0.893,0.521
-0.736,-3.997,0.301,19.45,23.49,4.02,0.2275,0.00397,520,4.42054e+13,5.598,1.208,0.206
-0.041,-0.676,0.158,19.4,16.04,11.41,0.1035,0.001806,520,6.21454e+12,1.0529,0.826,0.588
-0.678,-1.206,0.261,19.37,17.84,9.56,0.1163,0.002029,660,1.5378e+13,1.1521,0.921,0.493
-0.202,-0.522,0.241,19.36,14.7,12.68,0.0527,0.00092,2250,8.84168e+13,0.7036,0.759,0.655
-1.27,-3.802,0.228,19.27,22.2,5.06,0.1898,0.003312,570,3.45278e+13,2.7771,1.152,0.262
-2.372,-2.753,0.329,19.18,19.32,7.81,0.0717,0.001252,460,7.39662e+12,0.6695,1.007,0.407
-1.487,-2.76,0.33,19.18,20.44,6.68,0.1465,0.002557,300,4.07544e+12,1.4876,1.066,0.348
-3.806,-3.469,0.137,19.17,21.84,5.27,0.0823,0.001437,430,9.06671e+12,0.5936,1.139,0.275
-1.861,-3.336,0.196,19.1,22.54,4.48,0.1852,0.003232,360,1.12572e+13,2.3457,1.18,0.234
-0.615,-0.795,0.231,19.04,15.8,11.13,0.072,0.001256,960,2.33469e+13,0.7664,0.83,0.584
-0.464,-2.075,0.349,18.94,20.71,6.08,0.1898,0.003313,210,2.96443e+12,3.0648,1.093,0.321
-2.518,-2.144,0.266,18.94,18.69,8.09,0.037,0.000646,660,1.87121e+13,0.5518,0.987,0.427
-2.813,-2.648,0.275,18.67,19.46,6.95,0.0672,0.001173,530,1.20442e+13,0.6034,1.042,0.372
-1.966,-1.613,0.164,18.67,17.4,9.01,0.0357,0.000623,310,1.9249e+12,0.5703,0.932,0.483
-1.077,-2.701,0.247,18.66,19.46,6.92,0.1516,0.002646,770,3.88472e+13,1.6215,1.043,0.371
-2.265,-8.099,0.195,18.59,25.55,0.74,0.3123,0.00545,300,6.17361e+13,18.3751,1.374,0.04
-1.245,-2.532,0.321,18.58,20.61,5.67,0.1729,0.003017,850,7.15185e+13,2.104,1.109,0.305
-0.063,-0.387,0.47,18.49,14.9,11.24,0.0924,0.001614,190,6.55899e+11,0.901,0.806,0.608
-1.55,-2.336,0.394,18.46,20.16,5.95,0.1557,0.002717,320,5.19492e+12,1.5931,1.092,0.322
-2.443,-1.859,0.146,18.39,18.03,7.98,0.0378,0.000659,370,3.34909e+12,0.5414,0.98,0.434
-3.023,-7.585,0.164,18.32,25.11,0.8,0.292,0.005096,220,1.81395e+13,10.1994,1.371,0.044
-2.729,-2.916,0.508,18.3,19.04,6.84,0.0723,0.001263,680,2.55252e+13,0.6157,1.041,0.374
-1.874,-2.041,0.331,18.21,18.91,6.84,0.1184,0.002067,130,4.08146e+11,0.9848,1.039,0.376
-2.86,-3.441,0.156,18.18,21.25,4.47,0.1468,0.002562,360,7.5866e+12,1.1628,1.169,0.246
-1.769,-3.305,0.232,18.15,20.03,5.64,0.1531,0.002673,150,8.34199e+11,1.473,1.103,0.311
-0.769,-5.263,0.158,18.14,23.88,1.78,0.2843,0.004962,220,1.6661e+13,14.666,1.316,0.098
-0.006,-2.03,0.273,18.11,17.66,7.94,0.1624,0.002834,1110,5.49641e+13,2.0419,0.976,0.439
-0.085,-0.744,0.371,18.06,13.72,11.82,0.0631,0.001101,690,7.58654e+12,0.7001,0.76,0.655
-3.604,-3.546,0.262,18.05,20.12,5.4,0.0735,0.001283,470,1.02884e+13,0.5452,1.115,0.3
-0.938,-3.471,0.416,17.99,21.18,4.26,0.2094,0.003655,360,1.3395e+13,3.7072,1.177,0.237
-1.297,-1.843,0.22,17.96,17.41,7.99,0.1104,0.001927,300,2.48468e+12,0.9532,0.969,0.445
-1.723,-1.769,0.217,17.91,17.47,7.86,0.0917,0.001601,1050,6.38112e+13,0.7711,0.975,0.439
-2.382,-3.28,0.384,17.83,21.11,4.1,0.1713,0.00299,110,4.99321e+11,1.6638,1.184,0.23
-0.292,0.12,0.266,17.82,15.16,10.04,0.1024,0.001788,250,1.27999e+12,0.9439,0.851,0.564
-0.202,-0.297,0.206,17.8,13.7,11.47,0.0611,0.001066,460,3.30018e+12,0.679,0.77,0.645
-1.498,-1.008,0.223,17.8,15.6,9.57,0.0249,0.000435,270,1.16444e+12,0.5461,0.877,0.538
-0.967,-1.953,0.31,17.79,16.38,8.77,0.1028,0.001793,80,1.18736e+11,0.9021,0.921,0.493
-2.665,-5.972,0.185,17.75,23.75,1.35,0.2622,0.004576,300,2.35016e+13,6.2987,1.338,0.076
-0.249,-1.601,0.394,17.64,17.09,7.87,0.1518,0.002649,200,1.40381e+12,1.676,0.968,0.446
-0.382,-1.594,0.261,17.53,16.67,8.12,0.1405,0.002453,660,1.63115e+13,1.4195,0.951,0.463
-3.617,-4.198,0.343,17.49,20.09,4.65,0.1008,0.001758,90,1.35098e+11,0.6368,1.148,0.266
-2.564,-3.05,0.219,17.44,19.8,4.86,0.1398,0.002439,190,1.21312e+12,1.0787,1.135,0.279
-3.715,-2.859,0.29,17.39,19.5,5.08,0.0721,0.001259,90,1.09662e+11,0.5126,1.122,0.292
-2.847,-2.153,0.265,17.36,17.89,6.66,0.0527,0.00092,130,2.42161e+11,0.5188,1.03,0.384
-2.616,-6.398,0.306,17.33,23.07,1.43,0.2575,0.004495,100,1.41853e+12,5.7391,1.332,0.082
-2.376,-6.534,0.644,17.32,23.7,0.79,0.3019,0.00527,290,4.31169e+13,13.6197,1.369,0.046
-2.502,-4.425,0.452,17.3,21.09,3.37,0.1863,0.003251,200,2.44228e+12,1.9336,1.219,0.195
-1.535,-2.197,0.366,17.29,18.19,6.26,0.1388,0.002422,150,6.66141e+11,1.2154,1.052,0.362
-3.03,-4.219,0.427,17.26,22.44,1.98,0.2221,0.003876,60,2.3851e+11,2.9357,1.3,0.114
-3.692,-5.217,0.328,17.24,21.31,3.07,0.1586,0.002768,90,2.331e+11,1.0917,1.236,0.178
-1.754,-2.996,0.165,17.23,18.99,5.39,0.1529,0.002669,500,1.52301e+13,1.3977,1.102,0.313
-2.507,-7.028,0.342,17.1,23.8,0.38,0.341,0.005951,70,3.1407e+12,28.4659,1.392,0.022
-3.954,-5.778,0.433,17.06,21.73,2.41,0.1764,0.003079,80,2.10824e+11,1.2728,1.273,0.141
-1.261,-3.162,0.322,17.06,17.76,6.37,0.1442,0.002517,390,6.4016e+12,1.3218,1.041,0.373
-0.961,-0.751,0.22,17.05,14,10.12,0.028,0.000488,340,1.73374e+12,0.5442,0.821,0.594
-2.262,-6.809,0.331,16.99,22.4,1.63,0.2542,0.004436,210,7.8265e+12,5.743,1.318,0.096
-0.405,-2.543,0.25,16.86,19.11,4.73,0.2062,0.003599,1560,2.68079e+14,3.5764,1.134,0.28
-2.63,-5.303,0.296,16.84,21.41,2.41,0.2129,0.003716,210,3.95342e+12,2.7048,1.271,0.143
-3.895,-3.956,0.349,16.81,19.65,4.12,0.1019,0.001779,100,1.65019e+11,0.591,1.169,0.245
-3.696,-3.808,0.305,16.78,19.41,4.32,0.1028,0.001795,530,1.78274e+13,0.6136,1.157,0.258
-2.083,-2.153,0.414,16.78,16.98,6.74,0.0934,0.001631,320,2.66867e+12,0.7058,1.012,0.402
-0.272,-0.547,0.186,16.77,12.73,10.98,0.0453,0.00079,1320,2.75583e+13,0.586,0.759,0.655
-1.27,-2.673,0.417,16.75,20.27,3.41,0.2156,0.003762,630,5.77297e+13,3.6062,1.211,0.204
-2.465,-8.84,0.125,16.73,23.16,0.49,0.3262,0.005693,290,6.7262e+13,20.7738,1.385,0.029
-0.599,-2.075,0.226,16.71,17.57,6.07,0.1705,0.002975,230,2.40555e+12,1.9883,1.051,0.363
-2.323,-3.05,0.31,16.67,17.1,6.47,0.0882,0.00154,120,2.38625e+11,0.6557,1.026,0.388
-0.158,-0.525,0.418,16.62,13.63,9.87,0.0945,0.00165,870,1.50274e+13,0.8221,0.82,0.594
-1.369,-0.862,0.545,16.61,15.47,8.01,0.0866,0.001512,850,2.59814e+13,0.7085,0.932,0.482
-1.528,-2.275,0.221,16.58,17.88,5.57,0.1505,0.002628,260,2.63896e+12,1.3452,1.078,0.336
-3.55,-5.579,0.321,16.53,21.35,2.03,0.2019,0.003523,180,2.17378e+12,1.8759,1.291,0.123
-3.054,-3.42,0.35,16.52,19.27,4.09,0.1381,0.002411,630,3.56236e+13,0.9308,1.166,0.248
-0.388,-0.87,0.274,16.49,13.4,9.92,0.0766,0.001338,560,5.57616e+12,0.6942,0.813,0.601
-0.577,-1.783,0.234,16.48,15.8,7.51,0.1362,0.002377,490,8.0263e+12,1.2427,0.959,0.456
-0.737,-2.085,0.234,16.47,18.32,4.97,0.1891,0.003301,730,4.42299e+13,2.5408,1.112,0.302
-0.874,-1.515,0.204,16.46,14.63,8.64,0.0911,0.001589,1020,3.1751e+13,0.7565,0.889,0.525
-3.743,-4.063,0.338,16.43,20.71,2.53,0.1735,0.003027,320,7.38611e+12,1.232,1.26,0.154
-1.425,-3.709,0.269,16.35,20.53,2.59,0.2339,0.004082,320,1.45992e+13,4.6349,1.256,0.159
-1.068,-1.904,0.232,16.32,16.08,7,0.1278,0.00223,1070,5.76999e+13,1.0637,0.985,0.429
-1.558,-0.919,0.349,16.32,14.31,8.77,0.0055,9.5e-05,1690,1.34556e+14,0.4851,0.877,0.537
-1.8,-4.226,0.403,16.3,19,4.05,0.1803,0.003147,490,1.98536e+13,1.887,1.166,0.249
-0.979,-1.473,0.302,16.21,14.84,8.09,0.0993,0.001732,1230,5.70005e+13,0.7952,0.915,0.499
-3.95,-3.531,0.681,16.21,19.2,3.72,0.1113,0.001942,840,1.04602e+14,0.6096,1.184,0.23
-2.365,-3.565,0.279,16.18,18.39,4.49,0.1479,0.002581,680,3.88133e+13,1.131,1.137,0.278
-1.383,-5.753,0.422,16.14,20.86,1.97,0.2556,0.004461,100,1.47833e+12,6.7273,1.292,0.122
-0.094,-0.469,0.25,16.09,11.85,10.91,0.0416,0.000727,1530,2.9973e+13,0.5562,0.736,0.678
-0.547,-0.976,0.303,16.04,13.39,9.3,0.0797,0.001391,660,8.56594e+12,0.6859,0.835,0.579
-2.66,-5.559,0.251,15.99,21.07,1.55,0.2446,0.004268,60,3.34997e+11,4.2132,1.317,0.097
-2.817,-2.437,0.232,15.99,16.59,6.02,0.0629,0.001098,280,1.62468e+12,0.5043,1.038,0.376
-0.385,-1.521,0.285,15.99,15.66,6.95,0.1512,0.002639,670,1.76917e+13,1.4875,0.98,0.435
-0.191,-0.68,0.36,15.97,14.66,7.93,0.135,0.002356,110,2.92617e+11,1.2255,0.917,0.497
-3.77,-7.474,0.17,15.96,21.01,1.55,0.2168,0.003784,550,7.27893e+13,2.1412,1.317,0.097
-0.246,-1.081,0.258,15.93,14.59,7.94,0.1322,0.002307,290,2.16459e+12,1.1762,0.916,0.498
-3.997,-10.05,0.213,15.92,22,0.52,0.291,0.005079,240,1.88248e+13,6.8258,1.382,0.033
-0.341,-4.283,0.251,15.91,20.27,2.23,0.2678,0.004673,160,5.4293e+12,10.2183,1.274,0.14
-2.779,-2.626,0.264,15.85,16.67,5.75,0.0775,0.001353,490,8.51694e+12,0.548,1.051,0.363
-0.802,-1.612,0.344,15.72,14.63,7.6,0.1151,0.002009,400,4.03493e+12,0.9139,0.931,0.484
-2.797,-7.494,0.243,15.67,21.53,0.63,0.3015,0.005263,370,7.62789e+13,11.0296,1.374,0.04
-2.041,-6.436,0.115,15.66,21.42,0.73,0.3072,0.005362,260,3.26923e+13,14.8024,1.368,0.047
-0.776,-1.873,0.194,15.66,14.79,7.35,0.1225,0.002138,470,6.27308e+12,0.9881,0.945,0.469
-1.463,-0.667,0.183,15.55,14,7.98,0.0581,0.001014,570,7.38114e+12,0.5443,0.901,0.513
-3.635,-6.408,0.26,15.5,21.06,0.86,0.2633,0.004596,150,3.28869e+12,4.4742,1.359,0.055
-1.101,-2.541,0.327,15.5,16.81,5.11,0.1675,0.002924,70,1.66664e+11,1.6613,1.085,0.329
-1.062,-1.236,0.262,15.49,13.92,7.98,0.0855,0.001492,940,2.61919e+13,0.6708,0.899,0.515
-0.228,-1.873,0.185,15.43,16.12,5.71,0.1793,0.003129,1340,1.02064e+14,2.1844,1.044,0.37
-2.867,-2.22,0.229,15.39,15.53,6.24,0.0102,0.000178,170,3.67232e+11,0.4091,1.009,0.405
-1.275,-1.513,0.266,15.36,15.3,6.42,0.1242,0.002168,1010,5.10991e+13,0.9427,0.996,0.418
-1.089,-2.704,0.194,15.35,17.07,4.64,0.1788,0.00312,690,3.54826e+13,1.933,1.112,0.302
-0.209,0.131,0.296,15.34,11.89,9.8,0.0648,0.001131,1420,3.09284e+13,0.5986,0.775,0.639
-2.599,-3.314,0.364,15.29,18.8,2.82,0.1891,0.0033,160,1.29778e+12,1.7469,1.23,0.185
-1.302,-0.606,0.256,15.29,13.16,8.46,0.0337,0.000587,700,1.03694e+13,0.4868,0.861,0.553
-1.733,-1.62,0.227,15.28,14.04,7.58,0.0486,0.000848,830,2.14643e+13,0.5,0.919,0.496
-0.971,-2.611,0.212,15.28,16.25,5.36,0.1633,0.00285,440,9.19199e+12,1.5708,1.064,0.351
-3.901,-3.226,0.232,15.22,17.49,4.04,0.0849,0.001481,530,1.49695e+13,0.4722,1.149,0.265
-0.358,-0.289,0.306,15.21,12.07,9.44,0.0661,0.001154,1100,2.044e+13,0.5955,0.793,0.621
-3.056,-4.406,0.381,15.09,18.61,2.73,0.1777,0.003101,80,2.10149e+11,1.3595,1.233,0.181
-2.597,-2.83,0.241,15.07,16.59,4.72,0.1194,0.002084,80,1.12004e+11,0.7506,1.101,0.313
-0.646,-0.673,0.258,15.04,12.52,8.75,0.0715,0.001248,1580,5.82974e+13,0.6025,0.832,0.582
-0.253,-1.267,0.351,15,14.45,6.76,0.1498,0.002615,100,2.73647e+11,1.3869,0.963,0.451
-3.326,-3.796,0.259,14.96,17.14,4.02,0.1135,0.001981,620,2.62884e+13,0.6341,1.146,0.268
-2.956,-9.167,0.252,14.85,20.7,0.31,0.3375,0.005891,360,1.37477e+14,20.4572,1.394,0.021
-1.691,-2.144,0.299,14.8,15.71,5.22,0.1371,0.002392,100,2.26338e+11,1.0001,1.062,0.353
-0.354,-2.759,0.475,14.78,18.72,2.18,0.2635,0.004599,190,6.68802e+12,8.7344,1.267,0.148
-0.174,-1.71,0.223,14.77,15.05,5.84,0.1721,0.003003,100,3.69838e+11,1.8886,1.019,0.395
-1.713,-0.653,0.499,14.73,13.16,7.67,0.0096,0.000168,710,1.19619e+13,0.4343,0.894,0.52
-2.048,-1.688,0.253,14.71,13.82,6.99,0.0349,0.000609,750,1.71931e+13,0.445,0.939,0.475
-0.348,-0.025,0.24,14.69,11.99,8.79,0.0812,0.001417,310,1.39981e+12,0.6419,0.816,0.598
-1.844,-2.457,0.539,14.68,15.16,5.61,0.1166,0.002034,260,1.65034e+12,0.782,1.032,0.382
-0.17,-0.562,0.241,14.66,11.24,9.49,0.0617,0.001077,110,1.33829e+11,0.5617,0.767,0.647
-0.253,-3.037,0.308,14.64,17.83,2.88,0.243,0.004241,40,1.82399e+11,6.026,1.218,0.197
-3.377,-9.42,0.264,14.61,20.25,0.42,0.3113,0.005433,160,8.93411e+12,10.7147,1.386,0.028
-3.344,-3.415,0.175,14.52,16.49,4.05,0.1056,0.001843,220,1.08665e+12,0.5733,1.135,0.279
-3.299,-4.33,0.241,14.49,18.45,2.04,0.1961,0.003423,250,4.23707e+12,1.5975,1.273,0.141
-0.239,-1.227,0.269,14.45,12.7,7.74,0.1175,0.00205,310,1.90366e+12,0.8989,0.879,0.535
-1.904,-1.99,0.172,14.43,15.67,4.73,0.1405,0.002452,960,7.16187e+13,0.9873,1.087,0.328
-0.365,-1.011,0.199,14.42,12.39,8,0.1029,0.001796,820,1.39783e+13,0.7643,0.859,0.555
-1.559,-1.608,0.433,14.38,14.69,5.65,0.1238,0.002161,750,2.50389e+13,0.8524,1.022,0.393
-3.08,-7.961,0.2,14.3,19.7,0.52,0.3025,0.00528,80,1.48008e+12,9.5568,1.378,0.036
-0.459,-0.526,0.265,14.28,11.17,9.03,0.0475,0.000828,910,1.22099e+13,0.5011,0.782,0.632
-1.839,-3.573,0.356,14.25,16.78,3.38,0.1845,0.00322,130,7.18277e+11,1.7405,1.177,0.237
-2.903,-5.058,0.252,14.2,17.57,2.51,0.1847,0.003223,90,2.88084e+11,1.444,1.237,0.177
-1.608,-2.403,0.445,14.15,14.94,5.08,0.1375,0.002399,680,2.25022e+13,0.9709,1.056,0.359
-1.68,-3.23,0.302,14.12,16.89,3.07,0.1982,0.003459,80,3.00636e+11,2.1621,1.197,0.218
-1.414,-1.47,0.26,14.11,12.52,7.44,0.05,0.000873,1720,1.20123e+14,0.476,0.887,0.527
-0.588,-0.416,0.239,14.09,11.31,8.62,0.0537,0.000938,730,8.13967e+12,0.5075,0.803,0.612
-0.312,0.011,0.352,14.06,11.74,8.15,0.0935,0.001631,1180,2.62957e+13,0.6835,0.835,0.58
-0.395,-1.108,0.255,14.04,11.97,7.89,0.098,0.00171,1030,2.16768e+13,0.7083,0.852,0.562
-2.311,-2.539,0.498,13.98,15.83,3.95,0.1474,0.002572,320,3.9449e+12,0.9794,1.132,0.282
-0.835,-1.153,0.224,13.97,12.17,7.59,0.083,0.001449,430,3.18159e+12,0.6028,0.871,0.543
-0.333,-0.689,0.502,13.94,12.98,6.73,0.1348,0.002353,500,6.4619e+12,1.0552,0.931,0.483
-0.637,-1.655,0.268,13.9,14.19,5.47,0.1579,0.002755,420,6.43192e+12,1.3796,1.021,0.394
-0.492,-0.774,0.412,13.84,13.35,6.22,0.1418,0.002475,250,1.59905e+12,1.1278,0.965,0.449
-1.033,-0.835,0.206,13.84,11.82,7.75,0.057,0.000994,520,4.43051e+12,0.4955,0.854,0.56
-0.525,-1.473,0.367,13.81,14.34,5.2,0.1678,0.002929,310,3.65132e+12,1.596,1.038,0.376
-0.658,-0.02,0.291,13.8,11.68,7.84,0.0794,0.001386,110,1.46713e+11,0.5852,0.846,0.568
-1.027,-1.39,0.304,13.79,13.77,5.73,0.1352,0.002359,620,1.34437e+13,0.9831,0.999,0.416
-2.236,-1.257,0.255,13.77,13.68,5.8,0.0707,0.001233,720,1.84055e+13,0.4843,0.993,0.421
-1.068,-4.398,0.817,13.73,18.44,0.97,0.2997,0.005231,500,1.16037e+14,14.0626,1.343,0.071
-2.394,-2.942,0.261,13.69,15.35,4.01,0.1389,0.002425,550,1.59978e+13,0.8603,1.121,0.293
-3.801,-4.788,0.222,13.68,17.1,2.25,0.1644,0.002869,320,5.53508e+12,0.9087,1.25,0.164
-0.665,-0.652,0.348,13.66,11.9,7.41,0.0931,0.001625,690,9.52327e+12,0.6481,0.871,0.543
-2.428,-2.732,0.239,13.65,14.63,4.67,0.1109,0.001936,130,2.84443e+11,0.6414,1.072,0.342
-1.658,-2.059,0.411,13.65,14.74,4.56,0.1467,0.00256,570,1.53677e+13,1.038,1.08,0.334
-0.89,-0.617,0.362,13.59,11.99,7.22,0.0865,0.00151,780,1.33355e+13,0.6005,0.883,0.532
-2.827,-6.016,0.376,13.53,17.59,1.55,0.2271,0.003963,470,3.63202e+13,2.5966,1.3,0.115
-3.56,-4.244,0.438,13.49,16.83,2.26,0.1703,0.002973,290,4.31581e+12,1.0085,1.247,0.167
-2.755,-1.651,0.254,13.48,13.52,5.55,0.025,0.000436,270,1.06804e+12,0.3709,1.003,0.411
-0.033,-5.459,0.358,13.47,17.39,1.65,0.2834,0.004947,330,2.84541e+13,12.469,1.291,0.123
-2.433,-2.504,0.188,13.43,13.15,5.84,0.0376,0.000656,350,2.09534e+12,0.3953,0.979,0.435
-0.063,-0.726,0.391,13.41,11.48,7.49,0.1154,0.002015,1040,2.03535e+13,0.8249,0.856,0.558
-0.637,-2.316,0.312,13.39,14.55,4.38,0.1825,0.003185,660,2.47253e+13,1.8915,1.087,0.327
-0.875,-1.216,0.359,13.38,10.83,8.09,0.0246,0.000429,1170,2.48465e+13,0.425,0.809,0.605
-2.166,-1.745,0.265,13.35,13.8,5.09,0.1015,0.001772,230,9.96681e+11,0.5955,1.033,0.381
-0.72,-1.823,0.31,13.34,12.88,5.98,0.1336,0.002332,130,3.46297e+11,0.9622,0.966,0.448
-2.172,-3.828,0.607,13.32,16.45,2.38,0.2043,0.003566,300,6.71884e+12,2.0494,1.235,0.179
-0.85,-2.917,0.415,13.31,15.94,2.89,0.2201,0.003842,490,2.39119e+13,3.3198,1.197,0.217
-1.997,-7.687,0.279,13.29,17.96,0.84,0.2888,0.00504,230,1.43852e+13,8.9023,1.351,0.063
-0.341,-1.255,0.35,13.28,11.62,7.16,0.1112,0.001941,1140,2.80336e+13,0.7666,0.875,0.539
-1.751,-2.734,0.343,13.27,14.95,3.82,0.164,0.002862,600,2.20027e+13,1.2402,1.126,0.288
-3.332,-4.573,0.251,13.25,16.97,1.77,0.2003,0.003496,690,9.16194e+13,1.5383,1.281,0.133
-1.704,-6.109,0.495,13.2,16.75,1.93,0.2343,0.004089,240,6.01421e+12,3.5707,1.268,0.146
-0.897,-0.047,0.246,13.16,10.91,7.7,0.0472,0.000823,1160,2.63284e+13,0.4522,0.829,0.585
-2.03,-5.464,0.446,13.1,17.72,0.81,0.2896,0.005054,40,2.86857e+11,8.8391,1.352,0.062
-1.487,-6.191,0.071,13.08,17.41,1.08,0.2812,0.004907,150,4.64011e+12,8.5232,1.331,0.083
-0.008,-1.163,0.238,13.05,11.88,6.57,0.1393,0.002432,1370,4.33639e+13,1.0729,0.911,0.504
-3.67,-3.011,0.406,13.04,14.87,3.57,0.0915,0.001596,930,9.2664e+13,0.4388,1.14,0.274
-0.538,-0.324,0.19,12.92,10.7,7.58,0.0761,0.001329,1810,6.30906e+13,0.5381,0.828,0.586
-3.249,-4.293,0.638,12.91,16.38,1.87,0.1948,0.0034,120,5.70395e+11,1.4111,1.269,0.145
-0.411,-0.741,0.408,12.88,12.77,5.44,0.1547,0.002699,1340,6.83826e+13,1.2528,0.991,0.423
-2.36,-2.883,0.569,12.83,15.22,2.91,0.1736,0.00303,330,5.48492e+12,1.238,1.187,0.227
-0.693,-0.502,0.534,12.82,10.24,7.89,0.0384,0.000671,420,2.0375e+12,0.4285,0.799,0.615
-3.799,-3.274,0.936,12.81,15.25,2.87,0.1224,0.002137,120,2.34822e+11,0.5458,1.19,0.224
-0.072,-2.591,0.225,12.78,13.96,4.12,0.2001,0.003492,830,4.03738e+13,2.5665,1.092,0.322
-2.491,-4.11,0.309,12.77,14.99,3.07,0.1624,0.002835,830,7.09039e+13,1.0447,1.174,0.241
-0.693,-3.433,0.345,12.72,14.96,3.03,0.2153,0.003758,290,6.18997e+12,3.0018,1.176,0.238
-0.407,-1.856,0.305,12.68,12.73,5.21,0.1593,0.00278,450,6.58108e+12,1.3147,1.004,0.41
-0.638,-2.031,0.689,12.66,14.08,3.83,0.1918,0.003348,630,2.42704e+13,2.0648,1.112,0.302
-0.484,-0.781,0.247,12.64,10.06,7.81,0.0577,0.001007,560,3.91653e+12,0.4672,0.796,0.618
-2.834,-1.937,0.324,12.62,12.71,5.13,0.0175,0.000305,730,1.8655e+13,0.3396,1.007,0.407
-0.003,-0.856,0.378,12.61,11.99,5.84,0.1541,0.002689,700,1.35135e+13,1.2639,0.951,0.463
-3.033,-3.054,0.475,12.59,15.37,2.43,0.1709,0.002983,150,7.06061e+11,1.0448,1.221,0.193
-3.793,-4.27,0.391,12.58,15.38,2.41,0.1455,0.002539,150,5.079e+11,0.6758,1.223,0.192
-1.795,-3.252,0.296,12.57,13.75,4.03,0.1478,0.00258,530,1.23252e+13,0.9519,1.094,0.321
-2.512,-4.188,0.37,12.57,13.54,4.23,0.11,0.001921,650,1.87156e+13,0.5796,1.078,0.337
-1.404,-1.268,0.284,12.54,11.52,6.21,0.076,0.001327,1230,4.96461e+13,0.4929,0.919,0.496
-1.654,-2.247,0.545,12.53,11.65,6.07,0.0657,0.001146,990,3.01318e+13,0.4512,0.93,0.485
-2.536,-4.035,0.376,12.52,13.66,4.04,0.1167,0.002036,470,7.65823e+12,0.6123,1.091,0.323
-1.069,-3.162,0.283,12.52,15.08,2.62,0.2179,0.003804,240,4.261e+12,2.9001,1.205,0.21
-1.913,-1.317,0.568,12.51,13.52,4.16,0.1377,0.002403,510,1.01478e+13,0.8277,1.081,0.333
-2.79,-7.543,0.608,12.5,17.31,0.37,0.3202,0.005588,240,2.69507e+13,12.6671,1.385,0.03
-2.613,-2.11,0.202,12.5,13.73,3.94,0.1176,0.002053,940,6.65966e+13,0.6104,1.099,0.315
-2.866,-3.303,0.3,12.48,12.58,5.07,0.0078,0.000136,450,4.13199e+12,0.3311,1.008,0.406
-0.27,-0.023,0.307,12.46,10.54,7.08,0.1012,0.001766,740,9.06153e+12,0.653,0.846,0.568
-0.111,-3.052,0.271,12.46,15.25,2.38,0.2487,0.004341,490,3.13118e+13,5.8366,1.224,0.191
-0.509,-1.247,0.343,12.43,11.54,6.04,0.1267,0.002211,780,1.50059e+13,0.8419,0.928,0.486
-2.617,-2.343,0.312,12.41,14.11,3.44,0.1386,0.00242,300,2.77152e+12,0.7522,1.137,0.277
-2.693,-2.301,0.316,12.4,12.8,4.73,0.0681,0.001189,130,1.87164e+11,0.4086,1.032,0.382
-0.161,-2.138,0.419,12.31,12.92,4.49,0.1831,0.003195,900,3.65739e+13,1.8619,1.05,0.364
-0.897,-7.177,0.326,12.17,16.32,0.9,0.3006,0.005247,560,1.32938e+14,13.197,1.341,0.074
-3.861,-2.576,0.421,12.15,14.52,2.65,0.1239,0.002162,360,4.60486e+12,0.5187,1.196,0.218
-1.379,-4.59,0.427,12.14,15.85,1.31,0.2647,0.00462,610,9.27388e+13,5.9689,1.306,0.108
-1.099,-3.585,0.392,12.07,14.61,2.46,0.2199,0.003838,140,1.27338e+12,2.8732,1.211,0.204
-1.07,-1.751,0.305,12.04,12.26,4.77,0.1417,0.002474,400,4.46639e+12,0.9247,1.018,0.396
-1.311,-1.064,0.226,12.03,10.51,6.5,0.0479,0.000836,190,3.65899e+11,0.4046,0.874,0.54
-0.903,-5.236,0.426,12.01,16.2,0.78,0.3083,0.005381,340,4.75226e+13,15.171,1.349,0.065
-0.142,-1.466,0.437,11.98,13.31,3.63,0.2048,0.003575,970,5.83447e+13,2.5772,1.111,0.303
-1.993,-5.882,0.498,11.94,15.52,1.37,0.247,0.004312,900,2.40634e+14,3.7792,1.3,0.114
-1.24,-3.198,0.456,11.93,12.42,4.44,0.1453,0.002536,400,4.80175e+12,0.9389,1.042,0.372
-0.084,-0.006,0.349,11.9,9.19,7.64,0.072,0.001257,1210,1.65897e+13,0.4904,0.772,0.642
-3.056,-3.067,0.284,11.86,13.99,2.78,0.1459,0.002547,730,4.51455e+13,0.7274,1.18,0.234
-2.736,-2.366,0.361,11.83,12.53,4.21,0.0856,0.001494,320,1.96978e+12,0.4346,1.059,0.356
-0.283,-0.138,0.266,11.71,8.93,7.63,0.0474,0.000827,1380,2.14893e+13,0.4131,0.763,0.652
-1.299,-0.407,0.308,11.69,10.02,6.52,0.0277,0.000484,1150,2.83824e+13,0.366,0.857,0.557
-1.535,-0.75,0.509,11.69,10.51,6.02,0.0494,0.000863,870,1.68646e+13,0.3898,0.899,0.515
-1.428,-1.039,0.237,11.67,10.87,5.62,0.0831,0.00145,510,4.83737e+12,0.4818,0.932,0.482
-3.382,-2.642,0.219,11.64,13.1,3.36,0.0964,0.001683,810,4.52794e+13,0.4244,1.125,0.289
-0.933,-1.904,0.203,11.63,11.14,5.32,0.1212,0.002115,270,1.32977e+12,0.714,0.957,0.457
-3.435,-4.225,0.483,11.58,15.19,1.19,0.221,0.003857,400,1.90401e+13,1.7785,1.312,0.103
-3.785,-2.262,0.384,11.58,12.74,3.64,0.0385,0.000672,510,7.71697e+12,0.291,1.1,0.314
-1.063,-1.315,0.39,11.58,10.64,5.74,0.0965,0.001684,280,1.14957e+12,0.5502,0.919,0.496
-1.291,-0.479,0.413,11.55,11.01,5.33,0.1024,0.001788,180,4.53125e+11,0.5683,0.953,0.461
-2.268,-2.074,0.282,11.52,11.7,4.59,0.0848,0.00148,530,7.03484e+12,0.4444,1.016,0.398
-0.086,-0.437,0.265,11.49,9.22,7.03,0.0892,0.001558,960,1.16005e+13,0.5436,0.802,0.612
-2.166,-2.038,0.428,11.46,13.37,2.83,0.1696,0.002961,400,7.56753e+12,1.0833,1.167,0.247
-0.698,-0.061,0.189,11.46,9.25,6.96,0.0468,0.000816,2530,1.16123e+14,0.3966,0.807,0.607
-0.289,-1.424,0.345,11.45,10.48,5.71,0.1303,0.002274,570,6.57661e+12,0.8233,0.915,0.499
-0.202,-0.414,0.255,11.44,9.35,6.83,0.0905,0.00158,930,1.17575e+13,0.5446,0.817,0.597
-2.957,-2.695,0.464,11.44,12.01,4.17,0.0625,0.00109,150,2.36688e+11,0.354,1.05,0.365
-0.727,-1.591,0.267,11.43,10.09,6.08,0.0957,0.00167,1490,5.04325e+13,0.5528,0.883,0.532
-0.464,-0.295,0.202,11.4,8.92,7.2,0.0473,0.000826,230,4.70027e+11,0.3994,0.782,0.632
-2.379,-3.255,0.304,11.39,12.53,3.58,0.1283,0.002239,250,1.38082e+12,0.6391,1.1,0.314
-3.624,-4.396,0.266,11.39,14.53,1.57,0.1886,0.003292,700,7.75684e+13,1.0623,1.276,0.138
-0.564,-1.687,0.32,11.37,12.27,3.82,0.1815,0.003168,200,1.4188e+12,1.5994,1.079,0.336
-1.799,-4.172,0.306,11.36,14.28,1.79,0.2253,0.003931,350,1.1398e+13,2.6006,1.256,0.158
-1.18,0.024,0.522,11.35,10.73,5.32,0.1044,0.001821,280,1.23483e+12,0.5741,0.946,0.469
-2.773,-3.389,0.336,11.35,12.74,3.3,0.1244,0.002171,190,6.75191e+11,0.579,1.123,0.291
-3.411,-2.306,0.659,11.34,12.3,3.75,0.058,0.001013,110,1.0824e+11,0.3239,1.084,0.33
-3.275,-1.617,0.553,11.34,13.9,2.14,0.1658,0.002894,750,6.48664e+13,0.8454,1.226,0.189
-0.375,0.292,0.533,11.33,8.52,7.5,0.0195,0.00034,1080,1.21207e+13,0.3626,0.752,0.662
-0.334,-2.345,0.39,11.33,11.41,4.61,0.1629,0.002844,1050,3.80583e+13,1.2463,1.007,0.407
-3.019,-1.675,0.379,11.33,13.56,2.46,0.1575,0.002748,120,3.14462e+11,0.7985,1.197,0.217
-0.602,-0.811,0.295,11.32,10.96,5.05,0.139,0.002426,130,3.12763e+11,0.8816,0.968,0.446
-1.394,-2.902,0.426,11.31,13.3,2.7,0.1966,0.003431,550,2.12493e+13,1.7712,1.176,0.239
-1.506,-3.795,0.218,11.3,14.31,1.68,0.2374,0.004144,140,1.56674e+12,3.3513,1.266,0.149
-3.38,-2.857,0.279,11.3,12.49,3.49,0.0808,0.001411,250,9.9595e+11,0.3688,1.105,0.309
-0.381,-0.888,0.669,11.29,8.81,7.15,0.0542,0.000945,1030,1.24528e+13,0.4109,0.781,0.634
-3.337,-5.591,0.481,11.28,14.06,1.89,0.1773,0.003095,990,2.04117e+14,0.96,1.247,0.167
-1.81,-5.946,0.323,11.27,15.03,0.9,0.2768,0.004831,480,6.29904e+13,6.2994,1.334,0.08
-2.576,-3.486,0.337,11.24,13.37,2.53,0.168,0.002932,540,1.85501e+13,0.9725,1.19,0.225
-1.403,-3.593,0.389,11.21,12.95,2.91,0.1873,0.003269,210,1.7666e+12,1.527,1.155,0.259
-2.735,-4.019,0.22,11.19,14.21,1.62,0.2092,0.003651,110,5.18316e+11,1.6646,1.27,0.145
-0.523,-1.014,0.399,11.19,8.69,7.13,0.0333,0.000582,650,4.40859e+12,0.3697,0.777,0.638
-2.73,-3.04,0.352,11.18,13.34,2.47,0.165,0.00288,290,3.14604e+12,0.9083,1.193,0.221
-2.609,-2.771,0.361,11.14,13.25,2.51,0.1668,0.002912,530,1.72908e+13,0.9448,1.189,0.225
-0.394,-0.664,0.486,11.08,9.47,6.21,0.0989,0.001727,1730,5.19304e+13,0.564,0.854,0.56
-0.936,-1.357,0.37,11.07,11.43,4.23,0.1523,0.002659,950,3.63804e+13,0.9873,1.033,0.382
-0.478,-2.424,0.364,11.07,13.65,2.01,0.2447,0.00427,690,6.01141e+13,4.5121,1.233,0.181
-3.655,-2.67,0.401,11.07,12.98,2.67,0.117,0.002043,650,2.62932e+13,0.4596,1.173,0.241
-1.121,-2.753,0.38,11.06,11.36,4.28,0.1437,0.002508,290,1.98947e+12,0.865,1.028,0.387
-3.13,-1.606,0.271,11.04,11.97,3.65,0.0797,0.001392,250,9.45852e+11,0.3703,1.084,0.33
-1.365,-1.586,0.361,11.03,11.27,4.32,0.1321,0.002305,300,1.94036e+12,0.7314,1.022,0.392
-0.027,-3.191,0.253,11.03,12.43,3.17,0.2134,0.003725,180,1.80377e+12,2.7886,1.127,0.287
-1.504,-1.249,0.251,11,9.82,5.74,0.0461,0.000804,670,7.647e+12,0.3623,0.892,0.522
-0.275,-1.964,0.334,11,10.6,4.95,0.1493,0.002606,280,1.73413e+12,1.0081,0.964,0.45
-3.692,-4.407,0.256,10.95,13.88,1.61,0.1802,0.003144,110,3.10507e+11,0.9024,1.267,0.147
-1.558,-6.393,0.487,10.95,14.68,0.8,0.2881,0.005028,520,8.91388e+13,8.0017,1.341,0.073
-1.786,-1.13,0.382,10.93,10.37,5.09,0.0699,0.001221,180,3.45917e+11,0.3997,0.949,0.466
-3.513,-5.146,0.432,10.93,14.48,0.98,0.2305,0.004023,460,3.24359e+13,1.9061,1.325,0.089
-2.033,-1.814,0.596,10.93,12.35,3.1,0.1566,0.002733,800,4.11763e+13,0.8912,1.13,0.284
-2.766,-1.21,0.265,10.92,11.49,3.95,0.079,0.001379,390,3.03375e+12,0.3816,1.052,0.362
-2.844,-2.234,0.278,10.91,11.27,4.16,0.0557,0.000972,1150,8.36934e+13,0.3308,1.033,0.381
-3.071,-4.981,0.271,10.87,13.81,1.56,0.2006,0.003501,300,5.54096e+12,1.3349,1.271,0.144
-1.664,-1.61,0.338,10.86,10.62,4.75,0.096,0.001675,1130,4.75744e+13,0.4875,0.977,0.437
-2.208,-3.141,0.377,10.86,12.14,3.21,0.1444,0.00252,250,1.54956e+12,0.7452,1.118,0.296
-2.311,-2.399,0.345,10.84,10.36,4.98,0.0117,0.000204,620,7.74953e+12,0.3051,0.955,0.459
-0.898,-2.572,0.496,10.84,11.09,4.24,0.1499,0.002617,470,6.25957e+12,0.9407,1.023,0.391
-0.226,-1.467,0.249,10.8,10.56,4.71,0.156,0.002723,940,2.44489e+13,1.0897,0.978,0.436
-1.026,-0.751,0.306,10.79,10.03,5.23,0.1041,0.001817,540,5.38468e+12,0.5514,0.93,0.485
-0.555,-1.667,0.574,10.78,9.82,5.43,0.1173,0.002046,920,1.7389e+13,0.6543,0.911,0.504
-2.734,-3.495,0.298,10.78,12.65,2.6,0.1539,0.002686,380,5.58472e+12,0.764,1.173,0.241
-0.235,-0.437,0.371,10.77,7.92,7.32,0.0136,0.000238,820,5.79751e+12,0.3427,0.735,0.679
-0.317,-0.678,0.305,10.77,9.91,5.32,0.1312,0.002289,120,2.26408e+11,0.7809,0.92,0.494
-1.874,-1.139,0.341,10.75,10.32,4.88,0.072,0.001257,570,6.44869e+12,0.3951,0.96,0.454
-0.992,-3.081,0.407,10.73,12.96,2.21,0.2214,0.003864,520,2.34324e+13,2.6664,1.208,0.206
-2.461,-2.987,0.425,10.69,12.17,2.95,0.1452,0.002534,350,3.81728e+12,0.7141,1.138,0.276
-0.54,-0.699,0.416,10.66,9.6,5.48,0.1134,0.001979,1530,5.07042e+13,0.6217,0.9,0.514
-1.259,-3.104,0.342,10.66,12.95,2.13,0.2178,0.003801,120,7.69321e+11,2.3845,1.215,0.199
-0.091,-1.312,0.732,10.6,12.49,2.51,0.2305,0.004024,450,1.59407e+13,3.5822,1.178,0.237
-0.67,-0.547,0.364,10.59,8.72,6.25,0.0635,0.001108,380,1.50988e+12,0.4016,0.824,0.591
-3.692,-2.85,0.614,10.54,13.32,1.58,0.1781,0.003108,550,2.77685e+13,0.8455,1.264,0.15
-2.384,-2.648,0.522,10.54,11.95,2.95,0.1458,0.002544,340,3.46266e+12,0.7165,1.134,0.28
-0.315,-0.737,0.285,10.53,9.6,5.3,0.1277,0.002229,380,2.45877e+12,0.7333,0.911,0.503
-2.936,-1.238,0.499,10.52,10.84,4.04,0.0432,0.000754,690,1.44845e+13,0.2994,1.031,0.384
-2.794,-4.965,0.541,10.49,13.22,1.62,0.2015,0.003517,170,1.22328e+12,1.3784,1.26,0.154
-3.802,-3.737,0.438,10.49,11.9,2.93,0.078,0.001362,390,3.53577e+12,0.3161,1.134,0.28
-3.916,-4.53,0.384,10.45,12.5,2.28,0.1216,0.002122,140,2.7767e+11,0.4331,1.196,0.218
-1.699,-2.907,0.301,10.44,11.94,2.83,0.1733,0.003025,910,6.06412e+13,1.1151,1.143,0.271
-3.193,-3.301,0.386,10.44,13.05,1.72,0.1833,0.003199,190,1.23945e+12,0.9878,1.249,0.165
-1.673,-2.813,0.354,10.44,11.96,2.8,0.1755,0.003062,320,3.8863e+12,1.1519,1.146,0.268
-0.701,-0.425,0.366,10.43,8.37,6.38,0.0413,0.000721,1600,3.69563e+13,0.3525,0.802,0.612
-0.946,-0.429,0.417,10.37,8.68,5.99,0.0498,0.000869,490,2.69084e+12,0.3596,0.837,0.577
-3.807,-5.957,0.397,10.37,13.4,1.27,0.1951,0.003406,600,4.7387e+13,1.0167,1.292,0.122
-0.586,-1.024,0.358,10.36,8.68,5.98,0.0787,0.001374,780,8.17636e+12,0.4388,0.837,0.577
-1.535,-5.956,0.264,10.35,13.78,0.85,0.2807,0.004899,220,8.74566e+12,6.6115,1.332,0.082
-3.106,-1.208,0.293,10.34,11.16,3.46,0.078,0.001361,930,5.00884e+13,0.3438,1.08,0.334
-0.008,-3.352,0.314,10.31,13.26,1.33,0.2805,0.004896,510,5.06786e+13,9.0611,1.285,0.129
-1.418,-1.837,0.382,10.29,11.91,2.63,0.1883,0.003287,580,1.97093e+13,1.4181,1.158,0.256
-0.018,0.175,0.446,10.28,7.94,6.59,0.0766,0.001338,220,4.2978e+11,0.4393,0.773,0.642
-1.357,-2.868,0.384,10.26,12.55,1.96,0.2194,0.00383,530,2.48991e+13,2.3166,1.224,0.191
-0.534,-1.337,0.292,10.25,9.24,5.27,0.1138,0.001987,1000,1.89847e+13,0.6007,0.901,0.514
-1.523,-3.172,0.306,10.25,12.62,1.88,0.219,0.003822,320,7.21677e+12,2.2301,1.231,0.183
-3.528,-1.976,0.393,10.23,12.61,1.85,0.1623,0.002833,270,2.417e+12,0.6978,1.233,0.181
-1.259,-0.376,0.258,10.22,9.57,4.88,0.0954,0.001664,640,7.84594e+12,0.4733,0.936,0.478
-0.575,-2.382,0.298,10.2,11.69,2.74,0.2064,0.003603,150,1.01556e+12,2.1188,1.146,0.268
-0.971,-2.63,0.384,10.19,12.05,2.36,0.2108,0.003678,220,2.52394e+12,2.1343,1.182,0.232
-0.027,-0.688,0.281,10.19,10.15,4.25,0.1689,0.002948,750,1.57238e+13,1.2611,0.997,0.418
-0.427,-0.35,0.242,10.18,8.69,5.71,0.0968,0.00169,1120,1.90421e+13,0.507,0.853,0.561
-1.973,-2.391,0.53,10.17,11.65,2.72,0.166,0.002898,520,1.25175e+13,0.9445,1.146,0.268
-0.318,-1.387,0.271,10.15,8.1,6.26,0.0718,0.001253,140,1.65571e+11,0.4138,0.798,0.617
-1.718,-0.605,0.275,10.14,9.35,5,0.0529,0.000924,860,1.59273e+13,0.3391,0.921,0.493
-2.811,-5.603,0.665,10.14,13.25,1.1,0.2322,0.004052,470,2.94131e+13,2.1153,1.306,0.108
-0.448,-1.341,0.322,10.13,10.63,3.7,0.1743,0.003042,750,2.0473e+13,1.2974,1.049,0.365
-0.633,-3.405,0.363,10.11,12.55,1.75,0.245,0.004276,60,2.84868e+11,4.0321,1.241,0.173
-3.519,-3.612,0.305,10.11,11.77,2.53,0.1166,0.002036,370,3.71231e+12,0.4278,1.164,0.251
-1.195,-4.03,0.61,10.08,13.56,0.69,0.2994,0.005225,250,1.65296e+13,9.9666,1.346,0.069
-0.716,-0.483,0.324,10.07,9.77,4.47,0.1355,0.002365,520,5.81878e+12,0.7432,0.97,0.444
-1.017,-1.355,0.245,10.05,9.35,4.87,0.1047,0.001828,670,8.50827e+12,0.5173,0.93,0.484
-0.709,-2.188,0.588,10.05,10.33,3.87,0.1585,0.002767,1190,5.33618e+13,0.9981,1.029,0.385
-0.667,-1.559,0.665,10.04,10.29,3.92,0.1581,0.00276,1280,6.09645e+13,0.9972,1.024,0.39
-1.521,-1.908,0.363,10.03,9.96,4.23,0.1113,0.001942,560,6.98349e+12,0.5253,0.992,0.422
-0.389,-3.112,0.349,10.02,10.3,3.87,0.1685,0.002942,360,3.62284e+12,1.187,1.028,0.386
