Beam,Gain_1050,Gain_1100,Gain_1150,Gain_1200,Gain_1250,Gain_1300,Gain_1350,Gain_1400,Gain_1450
M01,15.98,16.27,16.48,16.1,16.12,15.94,15.98,16.02,15.71
M02,15.6604,15.4565,15.656,15.295,15.314,14.8242,15.0212,15.0588,14.9245
M03,16.4594,16.1073,16.48,16.1,16.12,15.7806,15.5006,15.5394,15.3958
M04,16.1398,15.7819,16.1504,15.617,15.6364,15.3024,15.181,15.219,14.9245
M05,16.2996,16.4327,16.9744,16.1,16.12,15.7806,15.5006,15.6996,15.3958
M06,15.8202,15.9446,16.1504,15.456,15.4752,15.143,15.0212,15.0588,14.7674
M07,15.6604,15.4565,15.8208,15.134,15.4752,15.143,15.0212,14.8986,14.6103
M08,15.3408,15.2938,15.3264,14.973,14.8304,14.6648,14.5418,14.2578,13.9819
M09,15.181,15.2938,15.1616,14.651,14.8304,14.8242,14.5418,14.2578,14.139
M10,15.8202,15.7819,15.9856,15.456,15.6364,15.3024,15.3408,15.219,14.9245
M11,15.3408,15.2938,15.4912,14.973,14.9916,14.6648,14.7016,14.5782,14.2961
M12,15.3408,15.1311,15.1616,15.134,15.1528,14.5054,14.382,14.2578,14.139
M13,15.8202,15.6192,15.9856,15.939,15.4752,15.4618,15.3408,15.219,14.9245
M14,15.181,15.2938,15.3264,14.812,14.9916,14.8242,14.7016,14.5782,14.2961
M15,14.382,14.8057,14.832,14.49,14.508,14.346,14.0624,13.9374,13.8248
M16,14.382,14.3176,14.1728,14.168,13.8632,13.7084,13.4232,13.2966,13.0393
M17,14.8614,14.8057,14.832,14.329,14.3468,14.0272,14.0624,13.7772,13.5106
M18,14.382,14.3176,14.6672,14.329,14.1856,13.8678,13.7428,13.7772,13.6677
M19,15.0212,15.2938,15.3264,14.973,14.9916,14.6648,14.382,14.2578,13.9819
