L_STAR,ALPHA_SCH,L_MIN_SCH,L_MAX_SCH,n_askap,n_pks,n_fast,ratio_askap_fast,ratio_pks_fast,score
1000000000000000.0,-1.5,1000000000.0,1e+17,29767.07186760885,17425.680983968214,4599.181724252929,6.472253903479773,3.7888655045042317,0.3703728885907796
1000000000000000.0,-1.5,1000000000.0,1e+16,29766.96698194661,17425.667519291226,4599.1806506015255,6.472232609096014,3.7888634613672174,0.3703731575844155
1000000000000000.0,-1.5,10000000000.0,1e+17,94493.59122762027,55186.54757858174,14512.24242747047,6.5113018680525725,3.8027581095336576,0.371234180670053
1000000000000000.0,-1.5,10000000000.0,1e+16,94493.27848474614,55186.5165698688,14512.238246638279,6.511282193608919,3.802757068342136,0.3712345317455556
1000000000000000.0,-1.5,100000000000.0,1e+17,300916.6988244137,176041.8224998543,44626.70949372491,6.742973036511384,3.9447636739743945,0.38453285623319894
1000000000000000.0,-1.5,100000000000.0,1e+16,300915.72842788056,176041.7158203419,44626.70256302502,6.74295233897028,3.944761896125379,0.3845330792215427
1000000000000000.0,-1.5,1000000000.0,1000000000000000.0,25111.261815095604,16982.10391939597,4581.776402580524,5.4806825145270235,3.7064453668737305,0.3919200966781527
1000000000000000.0,-1.5,10000000000.0,1000000000000000.0,79729.54625784128,53788.879097864236,14459.789271382258,5.513880234453768,3.7198937058038037,0.392349398900607
1e+16,-1.5,1000000000.0,1000000000000000.0,33888.22886474442,19407.54881208758,4719.351703264608,7.180695781012097,4.112333649272722,0.3977925612297207
1e+16,-1.5,10000000000.0,1000000000000000.0,107419.26254271809,61388.38617709802,14872.072411002602,7.222884583539788,4.1277627273843756,0.3990672960829818
1e+17,-1.5,1000000000.0,1000000000000000.0,35042.28727260696,19704.863087819173,4735.449806638261,7.3999912792833085,4.1611386230293155,0.400524205795996
1e+17,-1.5,10000000000.0,1000000000000000.0,111056.18275632923,62318.91575069349,14920.255998318535,7.443316171575401,4.176799363075046,0.40189063199671615
1000000000000000.0,-1.5,100000000000.0,1000000000000000.0,253814.9638002659,171674.79461193268,44486.037530157984,5.705497227713293,3.8590713883103405,0.40335494824311463
1e+16,-1.5,100000000000.0,1000000000000000.0,340719.12202231213,194993.22854206385,45571.536634905315,7.476577424895079,4.278838128813714,0.4145233117817247
1e+17,-1.5,100000000000.0,1000000000000000.0,352094.7850097641,197838.6541022514,45697.92277250436,7.704831284401691,4.329270174645388,0.4178462449548759
1e+16,-1.5,1000000000.0,1e+16,68538.1847002782,21942.158008945888,4818.74887027854,14.223232325513667,4.553496892996948,0.4568266787359251
1e+16,-1.5,10000000000.0,1e+16,217012.88238859354,69345.94709839147,15170.398053891364,14.305022295240796,4.571135632173047,0.45980850840863624
1e+16,-1.5,1000000000.0,1e+17,71912.16591519114,22082.19312902583,4824.239702794898,14.90642471051536,4.577341610167634,0.46646833295296986
1e+16,-1.5,10000000000.0,1e+17,227682.00978132876,69785.07261714141,15186.859777612795,14.992040034303775,4.595095604952695,0.4695610707051358
1e+16,-1.5,100000000000.0,1e+16,687488.3382897791,219573.8727226573,46361.33768486736,14.828915053376033,4.7361418735406255,0.4854769490116795
1e+16,-1.5,100000000000.0,1e+17,721223.4673026929,220925.30384299523,46404.75322379129,15.542017082270105,4.760833502929369,0.4959293170018933
1e+17,-1.5,1000000000.0,1e+16,82660.43305776274,22999.174871156352,4864.631707690722,16.992125617049496,4.727834757726035,0.5081832123473021
1e+17,-1.5,10000000000.0,1e+16,261591.6916376539,72654.88258972809,15307.705096956202,17.0888902014234,4.746294897213224,0.5116114453731815
1e+17,-1.5,100000000000.0,1e+16,827661.0298536838,229700.54919432075,46721.40613774105,17.714814220565767,4.916387758474827,0.5400454352185131
100000000000000.0,-1.0,1000000000.0,1e+16,292164.91724165366,282281.90505720343,56037.82521549694,5.213709063799591,5.037345827959434,0.573093258910085
100000000000000.0,-1.0,1000000000.0,1e+17,292165.4652918984,282282.213511304,56037.83987084517,5.213717480282523,5.037350014952433,0.5730933692683271
100000000000000.0,-1.0,1000000000.0,1000000000000000.0,292148.9385014674,282279.9195765108,56037.75718121642,5.213430251262702,5.037316512573234,0.5731028486259809
100000000000000.0,-1.0,10000000000.0,1e+16,370085.26272171654,357550.7123362355,70969.08945184159,5.214738776842418,5.0381189204754175,0.5731383521128603
100000000000000.0,-1.0,10000000000.0,1e+17,370085.74873262696,357550.96931240463,70969.10565200436,5.21474443467465,5.0381213913790726,0.5731383847961927
100000000000000.0,-1.0,10000000000.0,1000000000000000.0,370065.1274289397,357548.2323167835,70969.01556388594,5.214460486574017,5.038089220709571,0.5731478643189409
1e+17,-1.5,1000000000.0,1e+17,102308.35564616222,23799.973955299018,4896.028243640772,20.896193925973748,4.861077749339318,0.5740446252101001
100000000000000.0,-1.0,100000000000.0,1e+16,504287.77712407697,487392.5990799764,96375.38345356584,5.232537179652784,5.057231230782129,0.5746160031320432
100000000000000.0,-1.0,100000000000.0,1e+17,504288.4094159105,487392.9524190513,96375.39675042144,5.232543018441118,5.057234199317784,0.5746160893923286
100000000000000.0,-1.0,100000000000.0,1000000000000000.0,504260.4638124492,487389.4065449966,96375.30157090386,5.2322582196172105,5.057202401451594,0.5746255441014588
1e+17,-1.5,10000000000.0,1e+17,323657.6172785483,75162.91579916353,15401.704519602714,21.014402455689822,4.8801686659745345,0.5779597626405868
1e+17,-1.5,100000000000.0,1e+17,1023266.6929125281,237388.16397554192,46968.3039873224,21.78632409611227,5.0542204811060945,0.6094976004498831
100000000000000.0,-1.5,100000000000.0,1e+17,71963.39662808193,95382.06957420257,39489.507305603256,1.8223422255225474,2.4153775542463807,0.6933456183415736
100000000000000.0,-1.5,100000000000.0,1e+16,71963.31346835606,95381.98972294747,39489.49960551129,1.8223404749933223,2.4153760031346567,0.6933460216172025
100000000000000.0,-1.5,100000000000.0,1000000000000000.0,71962.36083564308,95381.84697766426,39489.4860825036,1.8223169753411166,2.415373215503166,0.6933539192640341
100000000000000.0,-1.5,10000000000.0,1e+17,22382.050001348103,29206.281162385443,12589.413436794483,1.777846927795154,2.319908017082482,0.6962273433723315
100000000000000.0,-1.5,10000000000.0,1e+16,22382.031497189804,29206.259019194586,12589.408921790426,1.777846095574017,2.319907090208407,0.696227521530778
100000000000000.0,-1.5,10000000000.0,1000000000000000.0,22381.741990129012,29206.207437018136,12589.40484157375,1.7778236756846688,2.3199037448196944,0.6962352801449574
1e+17,-2.0,100000000000.0,1e+17,27002.86743733114,24873.683403925206,17933.738299212146,1.5057021010793614,1.386977047892906,0.6962967380316617
100000000000000.0,-1.5,1000000000.0,1e+17,6992.215782725101,9165.272820248101,3960.652325282185,1.7654202410273228,2.314081637952178,0.7000096017993627
100000000000000.0,-1.5,1000000000.0,1e+16,6992.20532910733,9165.262618314091,3960.6511185221134,1.7654181395599462,2.3140797672010147,0.7000101246410653
100000000000000.0,-1.5,1000000000.0,1000000000000000.0,6992.112998708106,9165.246455097313,3960.649282819302,1.765395645870195,2.3140767587917384,0.7000180483569598
1e+17,-2.0,100000000000.0,1e+16,26145.223014964136,24838.52466365784,17932.44815497867,1.457984029230572,1.3851162121866671,0.7193277834667259
1e+16,-2.0,100000000000.0,1e+17,24671.00034947371,24645.511902227518,17920.642518316698,1.3766805695865798,1.375258274196214,0.7607584922004367
1e+17,-2.0,10000000000.0,1e+17,3162.581880777416,2664.594033325156,2360.6849127704127,1.3396882674468937,1.1287376891810974,0.7648884720168901
1e+16,-2.0,100000000000.0,1e+16,24493.73428927457,24638.11943920723,17920.368294305434,1.3668097601017473,1.3748668015398153,0.7661165384555804
1e+17,-2.0,10000000000.0,1e+16,3076.802320423071,2661.062599436197,2360.543610332934,1.3034295604431196,1.1273092298688256,0.7857784960153847
1e+16,-2.0,10000000000.0,1e+17,2929.1742117183835,2641.5509072224313,2359.21465282397,1.2415886821541118,1.1196738304674845,0.823286304529206
1e+16,-2.0,10000000000.0,1e+16,2911.4463445521856,2640.8085588297367,2359.1836527192395,1.2340905894275749,1.1193738799376178,0.8280487677534663
1e+17,-2.0,1000000000.0,1e+17,316.25790251978407,320.32588039728233,263.2378256365572,1.2014151148491468,1.2168687369403532,0.8542313000476878
100000000000000.0,-0.5,1000000000.0,1000000000000000.0,1788271.9340447227,1342113.042061667,156172.77724436298,11.45059955773611,8.593770731000497,0.8761600636786548
100000000000000.0,-0.5,10000000000.0,1000000000000000.0,1802224.0535722235,1352584.700062617,157390.9037265329,11.450623961748084,8.593792068268039,0.8761621872388824
100000000000000.0,-0.5,1000000000.0,1e+16,1788580.9407733057,1342142.0788011388,156173.129926383,11.452552315602615,8.593937250497564,0.8761845051221752
100000000000000.0,-0.5,1000000000.0,1e+17,1788584.2202062537,1342143.2477431821,156173.14742900396,11.45257203079256,8.59394377226929,0.8761852089736955
100000000000000.0,-0.5,10000000000.0,1e+16,1802535.2532441786,1352613.8663298665,157391.246701863,11.45257624560669,8.593958651919465,0.8761866327198224
100000000000000.0,-0.5,10000000000.0,1e+17,1802537.9552975215,1352614.6729700062,157391.26200543827,11.452592299788785,8.593962941368815,0.8761871094437409
1e+17,-2.0,1000000000.0,1e+16,307.6796925338002,319.97251285886915,263.2236628692306,1.1688907037459444,1.2155917495070774,0.8762344542911622
100000000000000.0,-0.5,100000000000.0,1000000000000000.0,1847770.8996441334,1386778.0392749351,161336.88752719612,11.452873102765539,8.595542287507993,0.876337476353451
100000000000000.0,-0.5,100000000000.0,1e+16,1848089.3124923368,1386807.49772043,161337.20510341105,11.454824144919217,8.595707957327877,0.8763618392083257
100000000000000.0,-0.5,100000000000.0,1e+17,1848091.5345327565,1386808.2813216615,161337.21625626096,11.454837125721378,8.595712220042994,0.8763622997067433
1e+17,-2.0,100000000000.0,1000000000000000.0,20441.191578312424,24402.916863559796,17916.498354406904,1.1409144339459907,1.362036062005243,0.9067783475825953
1e+16,-2.0,1000000000.0,1e+17,292.91393262491783,318.0187061430342,263.08820888114036,1.1133677707207787,1.2087911788046368,0.9156796061256294
1e+16,-2.0,100000000000.0,1000000000000000.0,20100.92275070151,24286.74131677573,17907.500408165222,1.1224862371934476,1.3562329059449183,0.9196684465691
1e+16,-2.0,1000000000.0,1e+16,291.14105435684047,317.9443784504227,263.0851936400701,1.1066417320130677,1.2085225095769019,0.9206883754797498
1e+17,-2.0,10000000000.0,1000000000000000.0,2506.252169801304,2617.310959606875,2358.8120021378268,1.0625061121996369,1.1095886222533913,0.9500700762281729
1e+16,-2.0,10000000000.0,1000000000000000.0,2472.0865898353277,2605.5205001520067,2357.7868017584287,1.048477575661911,1.1050704407238259,0.961187074488012
10000000000000.0,-0.5,100000000000.0,1e+17,116476.14685786696,218016.45942201765,96726.04141549839,1.2041860201590346,2.253958253967012,0.9696950778137043
10000000000000.0,-0.5,10000000000.0,1e+17,107288.87198890283,200693.88066076842,89131.4571037787,1.203715001135714,2.25166161512533,0.9696951687519462
10000000000000.0,-0.5,10000000000.0,1e+16,107288.77818383805,200693.5845118259,89131.42088796687,1.2037144377928626,2.25165920740887,0.9696952151210961
10000000000000.0,-0.5,10000000000.0,1000000000000000.0,107288.610722835,200693.33147993183,89131.3934168225,1.2037129299785585,2.2516570625277956,0.9696959238748298
10000000000000.0,-0.5,100000000000.0,1e+16,116475.91889136583,218016.15778083354,96726.01495564412,1.204183992742578,2.2539557520364064,0.9696960819093807
10000000000000.0,-0.5,100000000000.0,1000000000000000.0,116475.72058653792,218015.9719482116,96725.98912030895,1.2041822642068205,2.2539544328364607,0.969697048684066
10000000000000.0,-0.5,1000000000.0,1e+17,104642.78268208353,195745.48832332826,86934.67394749435,1.2036944285922588,2.2516388390845297,0.9697057214240237
10000000000000.0,-0.5,1000000000.0,1e+16,104642.63684058613,195745.15188897276,86934.63454820747,1.2036932965141658,2.2516359895713034,0.9697060850853586
10000000000000.0,-0.5,1000000000.0,1000000000000000.0,104642.37280296358,195744.8610657633,86934.60053644056,1.203690730241527,2.2516335251774984,0.9697074527102807
1000000000000000.0,-2.0,100000000000.0,1e+17,18150.197640801223,23355.31333112743,17826.93009832576,1.0181336629858566,1.3101141476580354,0.9982127544748786
1000000000000000.0,-2.0,100000000000.0,1e+16,18150.182463981295,23355.294746834188,17826.925641586906,1.0181330661771704,1.3101134327026431,0.9982132040447675
1000000000000000.0,-2.0,10000000000.0,1e+16,2275.849529214699,2510.8279143392815,2348.5626284625378,0.9690393186170047,1.0690913173488454,1.02834561846932
1000000000000000.0,-2.0,10000000000.0,1e+17,2275.8509498237477,2510.829699482511,2348.5643456701746,0.969039214965312,1.0690912957575507,1.0283457121365194
1000000000000000.0,-2.0,100000000000.0,1000000000000000.0,17401.18178337045,23281.50647505666,17824.21642598564,0.9762662979115058,1.3061727886738923,1.0344283728063768
1e+17,-2.0,1000000000.0,1000000000000000.0,250.62278280948996,315.59530735526357,263.0485999925561,0.9527622759314524,1.1997604524950694,1.0487284892654238
1000000000000000.0,-2.0,10000000000.0,1000000000000000.0,2200.9895483551404,2503.423892370907,2348.2687962821938,0.9372817761917939,1.0660721193137501,1.0578230354808038
1e+16,-2.0,1000000000.0,1000000000000000.0,247.20401767713318,314.413963959683,262.94396419702116,0.9401395404988486,1.1957451273690234,1.0603617697132988
1000000000000000.0,-1.0,1000000000.0,1000000000000000.0,1871530.1511588627,769913.2036309928,78275.81613017409,23.90943006006446,9.835901325520686,1.1289946198612035
1000000000000000.0,-1.0,10000000000.0,1000000000000000.0,2273657.2500338154,935328.2953982817,95083.2637931769,23.91227603397614,9.836939310716005,1.1291247612915851
1000000000000000.0,-2.0,1000000000.0,1e+17,227.5613807131483,304.9240784231347,262.0016922923983,0.8685492781443029,1.1638248430961824,1.1304983692386301
1000000000000000.0,-2.0,1000000000.0,1e+16,227.56116104072348,304.9238401637578,262.00163629610574,0.8685486253358404,1.16382418245336,1.1304990295485813
1000000000000000.0,-1.0,100000000000.0,1000000000000000.0,2895604.5827810136,1191182.7782710793,120807.53545451842,23.968741452151797,9.860169515001283,1.1319366647231082
1000000000000000.0,-2.0,1000000000.0,1000000000000000.0,220.0756128566622,304.18315494026666,261.97188259194087,0.8400734104715422,1.1611290186209637,1.1613028791152469
10000000000000.0,-1.0,10000000000.0,1e+17,27839.162680419937,57226.82996330401,35818.06328580782,0.7772380784041621,1.5977086618744956,1.2722815419831999
10000000000000.0,-1.0,10000000000.0,1e+16,27839.14109689452,57226.74237207288,35818.04324190669,0.777237910761218,1.5977071105078755,1.272281578205201
10000000000000.0,-1.0,10000000000.0,1000000000000000.0,27839.10060050366,57226.67326739776,35818.028711606436,0.7772370954486032,1.5977058293231556,1.2722824473268983
10000000000000.0,-1.0,1000000000.0,1e+17,20417.073371751503,41985.744767235316,26282.792827083962,0.7768228249591521,1.5974613140795957,1.2727692202581606
10000000000000.0,-1.0,1000000000.0,1e+16,20417.0415444324,41985.668614393384,26282.776608547065,0.776822093362573,1.5974594023958562,1.2727699165439441
10000000000000.0,-1.0,1000000000.0,1000000000000000.0,20416.997492852228,41985.606014800855,26282.761383231817,0.7768208673034677,1.5974579460127551,1.2727712767058594
10000000000000.0,-1.0,100000000000.0,1e+17,43133.088943547846,89518.68673410271,55550.502381079015,0.7764662261315454,1.6114829370938966,1.2747704050647524
10000000000000.0,-1.0,100000000000.0,1e+16,43133.01769126431,89518.55345393922,55550.48313503641,0.7764652124881296,1.6114810961469157,1.2747714579385103
10000000000000.0,-1.0,100000000000.0,1000000000000000.0,43132.94466955121,89518.48705866278,55550.46258005309,0.7764641852872575,1.6114804972084398,1.2747726663726044
1000000000000000.0,-1.0,1000000000.0,1e+16,2741594.6843638336,839818.6400795744,80286.59731282362,34.14760092125535,10.460259472790435,1.3239399228238506
1000000000000000.0,-1.0,1000000000.0,1e+17,2741633.5763304955,839820.3143828202,80286.64583352969,34.148064698270424,10.460274005270382,1.3239474450628061
1000000000000000.0,-1.0,10000000000.0,1e+16,3318849.201036421,1016634.2019149424,97180.24644079588,34.15147957109092,10.461325620678437,1.3240828000184877
1000000000000000.0,-1.0,10000000000.0,1e+17,3318895.791077941,1016636.0329053623,97180.29693404851,34.15194124515088,10.4613390263183,1.3240901981307978
1000000000000000.0,-1.0,100000000000.0,1e+16,4203743.76835551,1287671.352678405,122810.09925930455,34.22962601373371,10.48506076002415,1.327150729417777
1000000000000000.0,-1.0,100000000000.0,1e+17,4203801.392667963,1287673.4934145259,122810.14464950308,34.230082577180426,10.485074316047035,1.3271580667948626
1e+16,-1.0,1000000000.0,1000000000000000.0,2706850.735232827,943590.8978349108,84386.7483468311,32.07672754622112,11.181742587790382,1.3556005232649735
1e+16,-1.0,10000000000.0,1000000000000000.0,3252846.411544603,1133909.5667161962,101397.65835668938,32.0800940008099,11.18279835149063,1.355732653252361
1e+16,-1.0,100000000000.0,1000000000000000.0,4074527.3156960364,1420324.8332847983,126745.19221389393,32.14739150673191,11.206143668849169,1.3585550873536643
1e+17,-1.0,1000000000.0,1000000000000000.0,2815114.6037522755,964809.8137647691,85110.51989163714,33.075988812387514,11.335964284945817,1.3817762498952004
1e+17,-1.0,10000000000.0,1000000000000000.0,3378625.094151131,1157927.0178964904,102136.80228266955,33.07940936706232,11.337020466842695,1.3819082468657231
1e+17,-1.0,100000000000.0,1000000000000000.0,4223966.77884596,1447628.019335502,127428.14899026034,33.147831246994016,11.360347229450442,1.3847249727249746
100000000000000.0,-2.0,10000000000.0,1e+16,1448.783290161618,2036.192519047468,2282.396785682164,0.6347639898768105,0.8921290688020705,1.4361947628077265
100000000000000.0,-2.0,10000000000.0,1e+17,1448.7839200779274,2036.1944367262718,2282.398547402812,0.6347637759086942,0.892129220395491,1.4361951060702596
100000000000000.0,-2.0,10000000000.0,1000000000000000.0,1448.7803055527236,2036.1914329364834,2282.395872253296,0.6347629362483971,0.8921289499731931,1.436196494876785
100000000000000.0,-2.0,100000000000.0,1e+17,9925.467953492294,18707.77078962786,17257.67085738334,0.5751336918820588,1.084026398708614,1.539401197001852
100000000000000.0,-2.0,100000000000.0,1e+16,9925.460009702256,18707.751415374754,17257.666052883364,0.5751333916931333,1.0840255778532182,1.5394017362230124
100000000000000.0,-2.0,100000000000.0,1000000000000000.0,9925.434041936565,18707.746183637537,17257.65856640353,0.5751321364799148,1.0840257449557482,1.5394040919901746
100000000000000.0,-2.0,1000000000.0,1e+17,144.75627963463486,257.31951339466286,255.21891927638794,0.5671847527803056,1.0082305580018545,1.553215176065353
100000000000000.0,-2.0,1000000000.0,1e+16,144.7561508589169,257.31926651573684,255.21885802055144,0.5671843843422434,1.0082298326678363,1.5532158770241777
100000000000000.0,-2.0,1000000000.0,1000000000000000.0,144.75582124988497,257.31911884622315,255.21870231946045,0.5671834388872188,1.008229869157996,1.553217681588946
1e+17,-2.5,10000000000.0,1e+17,447.8910982529864,343.02066013182656,793.0641738461699,0.564760221207349,0.4325257292461708,1.6903305284186483
1e+17,-2.5,10000000000.0,1e+16,447.79548381766824,343.0162489911465,793.0627265393753,0.5646406883496817,0.43252095642918337,1.6905635058850443
1e+16,-2.5,10000000000.0,1e+17,447.1785220006435,342.8273855041844,793.0251166014087,0.5638894817317683,0.43230331338483535,1.692166411244293
1e+16,-2.5,10000000000.0,1e+16,447.1556941003681,342.82597583623544,793.0237888524897,0.563861639948286,0.43230225959842483,1.692220740685337
1e+17,-2.5,10000000000.0,1000000000000000.0,446.0104223343424,342.86669367190007,793.0562242170699,0.5623944541569647,0.43233592171902924,1.6950235380694514
1e+16,-2.5,10000000000.0,1000000000000000.0,445.71770698738675,342.7011763645624,793.0182730723167,0.5620522529204582,0.43214789368833484,1.6958220649540863
10000000000000.0,-1.5,10000000000.0,1e+17,4136.016068354367,8610.737321387844,8326.032789880805,0.49675711983516924,1.0341945003931596,1.7002534318459557
10000000000000.0,-1.5,10000000000.0,1e+16,4136.013339743523,8610.72492266799,8326.02740364378,0.4967571134744823,1.0341936802777776,1.7002534362893957
10000000000000.0,-1.5,10000000000.0,1000000000000000.0,4136.008528823265,8610.716765394784,8326.023754129785,0.4967567533988558,1.0341931538597626,1.7002542507402112
1000000000000000.0,-2.5,10000000000.0,1e+16,443.5404399456641,341.1989021182473,792.6474519325434,0.5595683665723947,0.4304548021776576,1.7018807547026757
1000000000000000.0,-2.5,10000000000.0,1e+17,443.54068774016423,341.199366413065,792.6487423276944,0.5595677682369892,0.43045468716836416,1.701882002608303
1000000000000000.0,-2.5,10000000000.0,1000000000000000.0,443.24607919349484,341.1689897669883,792.6457177969976,0.5591982259431236,0.4304180065656574,1.7026276789972101
10000000000000.0,-1.5,1000000000.0,1e+17,1258.0974724810262,2660.8683693228745,2560.6333657156056,0.491322767767432,1.0391446135746407,1.712798706060634
10000000000000.0,-1.5,1000000000.0,1e+16,1258.0957558370235,2660.863602432497,2560.6318648509964,0.4913223853481306,1.0391433610419953,1.712799573320904
10000000000000.0,-1.5,1000000000.0,1000000000000000.0,1258.0938488339398,2660.860492910973,2560.630157559888,0.49132196819583673,1.0391428395292344,1.7128005311259153
100000000000000.0,-2.5,10000000000.0,1e+16,433.03554882761324,331.14068266364234,789.2963041462193,0.5486349632613916,0.419539127351973,1.7317067508940671
100000000000000.0,-2.5,10000000000.0,1000000000000000.0,433.03477072526704,331.140684989942,789.2957602274025,0.5486343555177672,0.4195394194117268,1.7317077358215391
100000000000000.0,-2.5,10000000000.0,1e+17,433.03579872283245,331.1411525182315,789.2975975871091,0.5486343808046894,0.41953903512506996,1.7317079854738995
10000000000000.0,-1.5,100000000000.0,1e+17,13013.751770494446,30182.636890131387,27732.810931946744,0.46925469626677063,1.0883367345703343,1.7665065738976944
10000000000000.0,-1.5,100000000000.0,1e+16,13013.736690212734,30182.59208543425,27732.800363714126,0.4692543313166469,1.0883355337214866,1.7665074361571107
10000000000000.0,-1.5,100000000000.0,1000000000000000.0,13013.716918491109,30182.57672896163,27732.78769125172,0.46925383280514105,1.0883354773051788,1.7665086604526747
10000000000000.0,-2.5,10000000000.0,1e+16,413.4739944284053,295.27023302352774,765.6029585882367,0.5400632139547198,0.3856701828425569,1.7779138465732232
10000000000000.0,-2.5,10000000000.0,1000000000000000.0,413.47322741082604,295.2702338477145,765.6023994573492,0.5400626065225128,0.3856704655797825,1.7779148214145153
10000000000000.0,-2.5,10000000000.0,1e+17,413.4742537862811,295.2707026920339,765.6042688838384,0.5400626284243142,0.38567013624741686,1.7779150836714057
10000000000000.0,-2.0,10000000000.0,1e+16,885.2238352387507,1218.5585910290554,1987.7240591388818,0.4453454347291272,0.6130421299810382,1.8711801486027855
10000000000000.0,-2.0,10000000000.0,1e+17,885.22436102213,1218.5602967819257,1987.7259531987497,0.4453452748843883,0.6130424039697003,1.8711804873841058
10000000000000.0,-2.0,10000000000.0,1000000000000000.0,885.2228628367257,1218.5579613627735,1987.7230310742145,0.44534517586100986,0.6130421302731672,1.8711808307730424
10000000000000.0,-2.0,1000000000.0,1e+17,87.9583079456988,174.98433073675903,224.6893736707433,0.3914662563196767,0.7787832948129476,1.9922995903178606
10000000000000.0,-2.0,1000000000.0,1e+16,87.95822783216788,174.98412571458204,224.68929626995578,0.3914660346191541,0.7787826506178789,1.992300360602719
10000000000000.0,-2.0,1000000000.0,1000000000000000.0,87.95811811956848,174.98401653830223,224.6891280671954,0.39146583938526736,0.7787827477169772,1.9923009584703502
1000000000000000.0,-0.5,1000000000.0,1000000000000000.0,10097710.462387603,3015090.7772195665,182891.36805563013,55.211520203163325,16.48569207652526,2.0319579801551004
1000000000000000.0,-0.5,10000000000.0,1000000000000000.0,10127067.453911524,3023857.0260601994,183422.94572246133,55.21156262115029,16.485707467786614,2.0319594623106876
1000000000000000.0,-0.5,100000000000.0,1000000000000000.0,10221029.086695338,3051912.3884175722,185112.42539046158,55.21525130004592,16.486804610658137,2.03207287609714
1e+17,-2.5,100000000000.0,1e+17,3284.0530720340457,6539.99350656392,10159.796466963955,0.32324004547853086,0.6437130436450822,2.2581138835538987
1e+17,-2.5,100000000000.0,1e+16,3281.0363320960355,6539.85947073401,10159.788151950936,0.32294338061232053,0.643700377697166,2.259306031478071
1e+16,-2.5,100000000000.0,1e+17,3261.6102373926356,6534.044268662626,10158.815386690847,0.3210620641522534,0.643189586575511,2.267010371534843
1e+16,-2.5,100000000000.0,1e+16,3260.895147432736,6534.005030326869,10158.81067455596,0.3209918219659379,0.6431860224240737,2.267295127774733
1e+17,-2.5,100000000000.0,1000000000000000.0,3224.6128292460185,6535.13652763686,10159.60214180449,0.3173955814645003,0.6432472882718739,2.281918937823848
1e+16,-0.5,1000000000.0,1000000000000000.0,12933460.66690502,3365176.7019372163,186674.15958725003,69.28361534077256,18.027008716031524,2.284003969525687
1e+16,-0.5,10000000000.0,1000000000000000.0,12962454.763372863,3372720.886307985,187092.515227282,69.28366293876552,18.027021990755575,2.2840052744515527
1e+16,-0.5,100000000000.0,1000000000000000.0,13054998.985671243,3396799.0070698275,188418.68210040467,69.28717917002777,18.027931037431518,2.2840973395184343
1e+16,-2.5,100000000000.0,1000000000000000.0,3215.445594842578,6530.063868229829,10158.654387920998,0.3165227865873513,0.6428079565335254,2.2856180315429113
1e+17,-0.5,1000000000.0,1000000000000000.0,13248936.707836498,3401432.804382092,187047.83258927398,70.83181090330496,18.1848287536754,2.3097555470416307
1e+17,-0.5,10000000000.0,1000000000000000.0,13277770.256511053,3408835.4456739766,187454.77619525103,70.8318588942277,18.1848417781757,2.309756831074984
1e+17,-0.5,100000000000.0,1000000000000000.0,13369776.9734396,3432455.441796775,188744.43616376707,70.83534352153885,18.18573045945869,2.309846632173297
1000000000000000.0,-2.5,100000000000.0,1e+17,3147.4435920689116,6484.160689599973,10149.429322976985,0.3101104004875929,0.6388694854912363,2.313387410253559
1000000000000000.0,-2.5,100000000000.0,1e+16,3147.4425582784247,6484.15132168774,10149.4257390158,0.310110408136612,0.6388687880893362,2.3133875624378706
1000000000000000.0,-2.5,100000000000.0,1000000000000000.0,3138.1547231096456,6483.206883511391,10149.383400831315,0.30919658851912185,0.6387783993833916,2.317279816732621
1e+17,-2.5,1000000000.0,1e+17,14.163583457985705,68.80646444225734,47.170433465509234,0.30026400898651995,1.4586778069904371,2.3448789428567967
1e+17,-2.5,1000000000.0,1e+16,14.160549024742881,68.80632805903288,47.17040882014033,0.30019983669712774,1.4586756778256853,2.3451614016379057
1e+16,-2.5,1000000000.0,1e+17,14.141015417679204,68.80033084257718,47.169136041068754,0.2997938186819247,1.4585878949038795,2.346943065174866
1e+16,-2.5,1000000000.0,1e+16,14.140282987480369,68.80028939238711,47.16911519038424,0.2997784234537214,1.4585876609025845,2.34701098499357
10000000000000.0,-2.0,100000000000.0,1e+17,4406.876917801313,10879.936022605332,14829.373827269494,0.2971721509709047,0.7336746749615547,2.349793539863439
10000000000000.0,-2.0,100000000000.0,1e+16,4406.874060556811,10879.91985312559,14829.367909782959,0.2971720768792572,0.7336738773571116,2.349793997548635
10000000000000.0,-2.0,100000000000.0,1000000000000000.0,4406.8692222655445,10879.917700718996,14829.359614856625,0.29717191684060135,0.7336741425987858,2.349794669593738
1e+17,-2.5,1000000000.0,1000000000000000.0,14.10410065932197,68.80158803855304,47.170205581722094,0.29900443479913824,1.4585814751083648,2.3504319606159756
1e+16,-2.5,1000000000.0,1000000000000000.0,14.094810075093129,68.79633226994937,47.168943266444295,0.29881547261882574,1.4585090847029993,2.3512619698345905
1000000000000000.0,-2.5,1000000000.0,1e+17,14.025638222950628,68.74863329457139,47.15661284672998,0.2974267526070465,1.45787895152734,2.35737325306805
1000000000000000.0,-2.5,1000000000.0,1e+16,14.025619429934668,68.74862172357221,47.15659317866851,0.2974264781341163,1.4578793142052289,2.3573745121168543
1000000000000000.0,-2.5,1000000000.0,1000000000000000.0,14.016311756569028,68.74766536769523,47.15654128901549,0.2972294272106412,1.4578606379622059,2.3582515693099935
1e+16,-1.0,1000000000.0,1e+16,10263971.74922035,1367046.1587742944,96446.34715246235,106.42157066866481,14.174162102928257,2.380736182777888
1e+16,-1.0,10000000000.0,1e+16,12079300.630268037,1608817.412764523,113494.93302360854,106.4303075781839,14.175235580163445,2.3808851636688155
1e+16,-1.0,100000000000.0,1e+16,14674530.053674793,1954416.3148363691,137648.8764506007,106.6084259608263,14.198563513431713,2.3840226084492366
100000000000000.0,-2.5,1000000000.0,1e+17,13.690171119555952,68.42851700529515,47.0445111423792,0.2910046419256636,1.4545483701211757,2.3860839227739854
100000000000000.0,-2.5,1000000000.0,1e+16,13.690152256979811,68.42850528718861,47.044491354632214,0.29100436337551805,1.4545487328443787,2.386085235158372
100000000000000.0,-2.5,1000000000.0,1000000000000000.0,13.690128273365817,68.42849488808368,47.0444772360113,0.2910039409022572,1.4545489483238103,2.3860871931171572
10000000000000.0,-2.5,1000000000.0,1e+17,13.041318070655347,67.27717178305285,46.23757854950568,0.2820501955285626,1.4550323328679613,2.4280157488157403
10000000000000.0,-2.5,1000000000.0,1e+16,13.041299254245487,67.27716029087573,46.23755807233892,0.2820499134889931,1.455032728709856,2.428017133282061
10000000000000.0,-2.5,1000000000.0,1000000000000000.0,13.041275765156259,67.27714975508064,46.23754346547043,0.28204949458215284,1.4550329605058345,2.4280191549744603
100000000000000.0,-2.5,100000000000.0,1e+17,2822.9618037871055,6180.8647756731425,10067.73147510217,0.28039701006809553,0.6139282509628533,2.454301628497801
100000000000000.0,-2.5,100000000000.0,1000000000000000.0,2822.9588611332156,6180.855941310501,10067.721384299608,0.28039699882195374,0.6139279888048363,2.454301761160955
100000000000000.0,-2.5,100000000000.0,1e+16,2822.960798090554,6180.855303373653,10067.727821518662,0.2803970119312111,0.613927532900001,2.4543018347950425
1e+16,-1.0,1000000000.0,1e+17,11816403.021285737,1418194.2945737338,97902.70499904681,120.69536813513767,14.485751896104826,2.5178386665058965
1e+16,-1.0,10000000000.0,1e+17,13871665.335857108,1664855.1756679793,114922.07287200712,120.70496980424713,14.486818189593473,2.5179876332336697
1000000000000000.0,-0.5,1000000000.0,1e+16,17482058.96356602,3325873.2742370167,185524.6418859783,94.23038786572799,17.92685456997711,2.5203205800457495
1000000000000000.0,-0.5,10000000000.0,1e+16,17524848.095010355,3334016.3504236103,185978.75122351205,94.23037836160503,17.92686706674753,2.5203212536862916
1000000000000000.0,-0.5,1000000000.0,1e+17,17482844.05838933,3325886.877337816,185524.75680743126,94.23456124799537,17.926916787660744,2.5203618345502075
1000000000000000.0,-0.5,10000000000.0,1e+17,17525635.313879095,3334029.7999114655,185978.86212437865,94.23455501173208,17.92692869408857,2.520362501681075
1000000000000000.0,-0.5,100000000000.0,1e+16,17661575.19390407,3360028.3961617835,187419.39602371614,94.23557843324372,17.927858415126916,2.5204281566639453
1000000000000000.0,-0.5,100000000000.0,1e+17,17662364.350911196,3360041.6331344647,187419.4950472121,94.23973928892477,17.927919570416353,2.5204692328843397
1e+16,-1.0,100000000000.0,1e+17,16792220.758670464,2015319.9859765356,138891.9516305493,120.901323377884,14.509983928638711,2.5211270475931853
1e+17,-1.0,1000000000.0,1e+16,13423673.486712381,1521301.5292516954,100941.76460287257,132.98433546831788,15.071081184649735,2.650951784701206
1e+17,-1.0,10000000000.0,1e+16,15676860.434069028,1776644.7552791697,117876.15639081682,132.99432993125944,15.072130019142529,2.65109635762239
1e+17,-1.0,100000000000.0,1e+16,18838838.089879274,2134933.9645416783,141434.81486702795,133.19802558932105,15.094826309553756,2.654131010400617
10000000000000.0,-2.5,100000000000.0,1000000000000000.0,2263.9137851963173,5158.1714907426685,9528.660595039803,0.23758992805083332,0.541332272179763,2.7089760836136403
10000000000000.0,-2.5,100000000000.0,1e+17,2263.915839976701,5158.180284911818,9528.671341115629,0.2375898757477387,0.5413325846022822,2.7089762605608967
10000000000000.0,-2.5,100000000000.0,1e+16,2263.9150917026145,5158.171018279762,9528.667319409282,0.23758989749712064,0.5413318405788918,2.708976449614374
1e+17,-1.0,1000000000.0,1e+17,23367390.756295353,1836935.0158817372,109919.50812654624,212.58638393280788,16.71163788112063,3.2581258716422146
1e+17,-1.0,10000000000.0,1e+17,26879145.271534704,2112988.8503993195,126430.76860128633,212.5997142064454,16.712615716692095,3.2582603308455296
1e+17,-1.0,100000000000.0,1e+17,31632946.657544,2486634.8262552973,148600.70833141785,212.87211220416515,16.73366738407102,3.261074724607991
1e+16,-0.5,1000000000.0,1e+16,53888359.18394658,4324618.831305304,194315.1897979007,277.3244811174755,22.255691054328604,3.897812446315497
1e+16,-0.5,10000000000.0,1e+16,53937755.86184185,4328583.495704442,194493.2759714533,277.3245275058175,22.255697396653286,3.8978129894942057
1e+16,-0.5,100000000000.0,1e+16,54094573.57245816,4341167.780072896,195054.83463369796,277.33008348162576,22.256140373169245,3.8978613943526104
1e+17,-0.5,1000000000.0,1e+16,63085994.30658641,4472945.423316661,195523.52198945952,322.6516874526601,22.876763766345174,4.124231748674837
1e+17,-0.5,10000000000.0,1e+16,63130615.91799456,4476109.368079855,195661.78146542632,322.6517485692515,22.876768955877,4.124232264754691
1e+17,-0.5,100000000000.0,1e+16,63272142.68969593,4486143.281235313,196097.39240744742,322.656726399657,22.877118487705793,4.124270522950187
1e+16,-0.5,1000000000.0,1e+17,64407478.102519974,4429370.06226537,195148.89874017928,330.04274437782976,22.697386922806167,4.144725957085577
1e+16,-0.5,10000000000.0,1e+17,64457206.677857764,4432791.167535915,195299.58438925678,330.04272323174223,22.697391709246045,4.144726120947595
1e+16,-0.5,100000000000.0,1e+17,64615016.57899385,4443643.977491945,195774.47064414623,330.04822521748895,22.697770362352465,4.144767757961871
1e+17,-0.5,1000000000.0,1e+17,98685213.6971992,4778389.805530941,197938.1190120641,498.5659871365376,24.14082658449282,4.794265656615234
1e+17,-0.5,10000000000.0,1e+17,98713793.77756785,4779773.821002424,197995.43260571818,498.56601477339814,24.140828695380634,4.794265843377493
1e+17,-0.5,100000000000.0,1e+17,98804290.16397773,4784155.445362237,198175.7096471274,498.569125045189,24.14097799311998,4.794282470473224
