FRB_name,DM,DM_ne2025,DM_excess,Beam,S/N
FRB 211018,161.95,31.35,130.6,CB,8.16
FRB 211105,113,28.41,84.59,CB,8.45
FRB 211217,1289,21.68,1267.32,CB,13.4
FRB 220529,216,,216,CB,8.05
FRB 220809,951.8,37.76,914.04,Both,24
FRB 220818,102.38,36.61,65.77,CB,9.06
FRB 220913,1386.61,41.63,1344.98,CB ,51.36
FRB 220917,953,27.45,925.55,IB,14
FRB 221013,153.6,31.39,122.21,CB,8.34
FRB 221026,1418.4,29.47,1388.93,CB,23
FRB 221105,1395,31.32,1363.68,CB,42
FRB 230413,1535.58,43.24,1492.34,CB,14.6
FRB 230827,1434,38.48,1395.52,Both,41
FRB 231010,442.81,,442.81,CB,13.4
FRB 231204,1772.55,38.89,1733.66,Both,28.95
FRB 240405,247.26,31.25,216.01,CB,256
FRB 240413,600.67,,600.67,IB,15.2
FRB 240711,837.43,93.65,743.78,CB,20.3
FRB 241001,2099.12,89.32,2009.8,CB,15.5
FRB 241103a,1215.8,37.37,1178.43,CB,11.66
FRB 241103b,473.6,37.4,436.2,IB,192
FRB 250327a,951,35.22,915.78,IB,9.8
FRB 250412,652.8,43.98,608.82,IB,9.8
FRB 250507,736.23,87.74,648.49,CB,28
FRB 250829,631,43.25,587.75,CB,14.5
FRB 251016,1407,108.72,1298.28,CB,10.1
FRB 251130,976,59.71,916.29,IB,14.9
FRB 260517,386.91,65.76,321.15,IB,73
