z,luminosity_function,alpha_intrinsic,L_min_Jy_kpc2,L_min_over_L_star,n_generated,n_detected,detection_rate_10_per_n,N_ratio_detectable_L,mean_detected_L,mean_SNR,SFR_psi,comoving_volume_Mpc3,time_Gyr,nfrb_sfr_base,n_total_population_scaled
0.01,std,0,10000000000.0,1e-05,11,10,0.9090909090909091,1.0,100000000000000.0,25969.471971179122,0.015366633837018974,157.51683591364957,137678720.05218962,6.665036587172052,6.0591241701564105
0.02,std,0,24337796454.143387,2.4337796454143388e-05,15,10,0.6666666666666666,1.0,100000000000000.0,7176.819194332656,0.015778461234561884,588.7114897574531,135706863.92550436,25.211516467250338,16.807677644833557
0.03,std,0,55044641090.53738,5.504464109053738e-05,21,10,0.47619047619047616,1.0,100000000000000.0,4916.340197764376,0.016197006898133106,1297.9089054179112,133769703.76805276,56.24277499361001,26.78227380648096
0.04,std,0,98353690276.58,9.835369027658001e-05,18,10,0.5555555555555556,1.0,100000000000000.0,877.4807500120526,0.0166223021408091,2277.2090741408742,131866423.28089881,99.82936304691106,55.46075724828392
0.05,std,0,154438903354.1112,0.0001544389033541112,19,10,0.5263157894736842,1.0,100000000000000.0,1270.1497492467765,0.01705437728000787,3518.738310753972,129996236.70924087,156.02119912981848,82.1164205946413
0.060000000000000005,std,0,223467359096.9846,0.00022346735909698458,30,10,0.3333333333333333,1.0,100000000000000.0,668.2174973051572,0.017493261604641853,5014.65649775588,128158387.20751494,224.84798987336276,74.94932995778758
0.06999999999999999,std,0,305599340546.5838,0.0003055993405465838,25,10,0.4,1.0,100000000000000.0,802.4825759752905,0.017938983341287663,6757.16408902136,126352145.30294725,306.31968565589347,122.52787426235739
0.08,std,0,400988423632.1959,0.0004009884236321959,28,10,0.35714285714285715,1.0,100000000000000.0,516.8450494300117,0.018391569619367408,8738.508863305604,124576807.45144194,400.42696840960707,143.00963157485967
0.09,std,0,509781569337.38403,0.000509781569337384,24,10,0.4166666666666667,1.0,100000000000000.0,473.8412323836925,0.018851046435337065,10950.99241885805,122831694.67989907,507.1417686870933,211.3090702862889
0.09999999999999999,std,0,632119219174.8827,0.0006321192191748827,26,10,0.38461538461538464,1.0,100000000000000.0,559.137582941533,0.019317438615878545,13386.976401828582,121116151.30983643,626.4178090857515,240.9299265714429
0.11,std,0,768135393732.2958,0.0007681353937322958,40,10,0.25,1.0,100000000000000.0,272.95092229404474,0.019790769780093035,16038.888462136769,119429543.75708403,758.191171148718,189.5477927871795
0.12,std,0,917957794052.7876,0.0009179577940527876,28,10,0.35714285714285715,1.0,100000000000000.0,448.6012393969885,0.020271062300694323,18899.227931950554,117771259.40308331,902.3808829208887,322.27888675746027
0.13,std,0,1081707905617.5717,0.0010817079056175717,50,10,0.2,1.0,100000000000000.0,285.69642658930184,0.02075833726420218,21960.57122263112,116140705.53330435,1058.889524374146,211.77790487482923
0.14,std,0,1259501104699.0571,0.001259501104699057,24,10,0.4166666666666667,1.0,100000000000000.0,159.9831353960466,0.021252614430137,25215.576937540136,114537308.33873443,1227.6038480042416,511.5016033351007
0.15000000000000002,std,0,1451446766857.4531,0.001451446766857453,20,10,0.5,1.0,100000000000000.0,141.7121179316792,0.021753912189218152,28656.99069878848,112960511.97664525,1408.3954119616183,704.1977059808091
0.16,std,0,1657648377357.6218,0.0016576483773576218,22,10,0.45454545454545453,1.0,100000000000000.0,94.66223699806548,0.02226224752057046,32277.649687270597,111409777.68701176,1601.121223175795,727.7823741708158
0.17,std,0,1878203643287.1858,0.0018782036432871858,38,10,0.2631578947368421,1.0,100000000000000.0,72.72214355691628,0.02277763594794393,36070.48689618699,109884582.96125181,1805.6243880222705,475.1643126374396
0.18000000000000002,std,0,2113204607161.4082,0.002113204607161408,44,10,0.22727272727272727,1.0,100000000000000.0,155.31106368770486,0.023300091494954225,40028.53509898858,108384420.7601139,2021.7347681717026,459.4851745844779
0.19,std,0,2362737761807.102,0.002362737761807102,20,10,0.5,1.0,100000000000000.0,140.62082750446095,0.023829626639352574,44144.93053391646,106908798.77780546,2249.269639387054,1124.634819693527
0.2,std,0,2626884166322.4336,0.0026268841663224336,32,10,0.3125,1.0,100000000000000.0,61.31262574636166,0.024366252266335785,48412.916307931984,105457238.74949963,2488.0343511343176,777.5107347294743
0.21000000000000002,std,0,2905719562914.11,0.00290571956291411,34,10,0.29411764705882354,1.0,100000000000000.0,72.53610353826826,0.02490997762090884,52825.84552320879,104029275.79969656,2737.82298497054,805.2420544031
0.22,std,0,3199314494424.411,0.003199314494424411,24,10,0.4166666666666667,1.0,100000000000000.0,138.39146622479558,0.025460810259314456,57377.18413082188,102624457.82893437,2998.419009827023,1249.3412540945928
0.23,std,0,3507734422360.416,0.003507734422360416,46,10,0.21739130434782608,1.0,100000000000000.0,44.336619807952744,0.026018755999546127,62060.51351616635,101242344.93655138,3269.5959323883,710.7817244322391
0.24000000000000002,std,0,3831039845251.0605,0.0038310398452510606,51,10,0.19607843137254902,1.0,100000000000000.0,99.50158768224631,0.02658381887096318,66869.53282176888,99882508.87732875,3551.117940915875,696.297635473701
0.25,std,0,4169286417160.992,0.004169286417160992,39,10,0.2564102564102564,1.0,100000000000000.0,80.16343686661504,0.027156001063028613,71798.06101320284,98544532.5499974,3842.7405409627786,985.3180874263534
0.26,std,0,4522525066194.894,0.004522525066194894,42,10,0.23809523809523808,1.0,100000000000000.0,68.69495551319234,0.02773530287319293,76840.03869488635,97228009.51565525,4144.211181575175,986.7169479940892
0.27,std,0,4890802112843.154,0.004890802112843155,32,10,0.3125,1.0,100000000000000.0,58.49044184335368,0.0283217226539493,81989.5296820175,95932543.54423486,4455.269870644943,1392.2718345765447
0.28,std,0,5274159388010.787,0.005274159388010787,34,10,0.29411764705882354,1.0,100000000000000.0,68.4481106373199,0.028915256759088154,87240.7223368116,94657748.18751705,4775.649778288619,1404.6028759672408
0.29000000000000004,std,0,5672634350597.09,0.00567263435059709,51,10,0.19607843137254902,1.0,100000000000000.0,87.1000242058686,0.029515899489181725,92587.93067575629,93403246.37677355,5105.077827128013,1000.9956523780418
0.3,std,0,6086260204485.133,0.006086260204485132,28,10,0.35714285714285715,1.0,100000000000000.0,40.44383085815953,0.03012364303633178,98025.59525583847,92168670.04385954,5443.275268539983,1944.0268816214225
0.31,std,0,6515066014817.146,0.0065150660148171466,36,10,0.2777777777777778,1.0,100000000000000.0,39.0201661655366,0.030738477428216556,103548.28384870673,90953659.76403436,5789.958244068629,1608.3217344635082
0.32,std,0,6959076823436.747,0.006959076823436747,31,10,0.3225806451612903,1.0,100000000000000.0,53.4212420775842,0.03136039047147566,109150.69190923648,89757864.41943079,6144.838331179821,1982.205913283813
0.33,std,0,7418313763382.094,0.007418313763382094,35,10,0.2857142857142857,1.0,100000000000000.0,49.996321254380234,0.031989367694474906,114827.64284904361,88580940.88171776,6507.623072835302,1859.3208779529434
0.34,std,0,7892794172328.018,0.007892794172328018,53,10,0.18867924528301888,1.0,100000000000000.0,57.00050258338994,0.032625392289495694,120574.0881216942,87422553.71285346,6878.016490261416,1297.7389604266823
0.35000000000000003,std,0,8382531704877.673,0.008382531704877672,56,10,0.17857142857142858,1.0,100000000000000.0,53.27200101000549,0.03326844505439697,126385.10712898555,86282374.8828454,7255.719578523521,1295.6642104506288
0.36000000000000004,std,0,8887536443609.686,0.008887536443609685,61,10,0.16393442622950818,1.0,100000000000000.0,38.03027415973213,0.03391850433380093,132255.90695698388,85160083.50335014,7640.430784556856,1252.5296368125994
0.37,std,0,9407815008799.648,0.009407815008799648,46,10,0.21739130434782608,1.0,100000000000000.0,37.88681159614852,0.03457554595985672,138181.82194965566,84055365.5762477,8031.846467359498,1746.0535798607605
0.38,std,0,9943370666734.447,0.009943370666734447,61,10,0.16393442622950818,1.0,100000000000000.0,52.60416311274073,0.035239543192639965,144158.31312992776,82967913.75619605,8429.661340237613,1381.91169512092
0.39,std,0,10494203436549.188,0.010494203436549188,43,10,0.23255813953488372,1.0,100000000000000.0,44.979368736734465,0.03591046666024937,150180.96747517723,81897427.12626469,8833.56889491158,2054.3183476538557
0.4,std,0,11060310195520.506,0.011060310195520506,45,10,0.2222222222222222,1.0,100000000000000.0,34.27983319158231,0.03658828429866464,156245.4970570721,80843610.98588744,9243.26180754572,2054.058179454604
0.41000000000000003,std,0,11641684782755.799,0.011641684782755799,48,10,0.20833333333333334,1.0,100000000000000.0,38.07162294706417,0.03727296129143468,162347.73805228167,79806176.65031886,9658.432326630425,2012.1734013813386
0.42000000000000004,std,0,12238318101225.926,0.012238318101225925,50,10,0.2,1.0,100000000000000.0,44.5199712456389,0.037964460009266905,168483.64963443996,78784841.26087493,10078.772642945818,2015.7545285891638
0.43,std,0,12850198218091.867,0.012850198218091868,36,10,0.2777777777777778,1.0,100000000000000.0,43.583247566110614,0.038662739949594106,174649.3127534569,77779327.60525452,10503.975241647617,2917.7709004576714
0.44,std,0,13477310463282.236,0.013477310463282237,66,10,0.15151515151515152,1.0,100000000000000.0,25.329574728172055,0.03936775767619714,180840.92881101157,76789363.94735558,10933.73323674861,1656.6262479922138
0.45,std,0,14119637526285.43,0.01411963752628543,78,10,0.1282051282051282,1.0,100000000000000.0,38.957011474614625,0.04007946675896711,187054.8182394176,75814683.86589663,11367.740688213491,1457.4026523350628
0.46,std,0,14777159551123.287,0.014777159551123287,47,10,0.2127659574468085,1.0,100000000000000.0,34.49844532861921,0.04079781771389325,193287.41899206743,74855026.10136408,11805.692902023357,2511.8495536219907
0.47000000000000003,std,0,15449854229476.393,0.015449854229476392,74,10,0.13513513513513514,1.0,100000000000000.0,27.732912715876218,0.04152275794336715,199535.28495183523,73910134.4107027,12247.286713490503,1655.0387450662843
0.48000000000000004,std,0,16137696891941.383,0.016137696891941382,85,10,0.11764705882352941,1.0,100000000000000.0,26.53016924161265,0.04225423167689769,205795.08426482778,72979757.42922702,12692.22075421467,1493.202441672314
0.49,std,0,16840660597398.13,0.01684066059739813,93,10,0.10752688172043011,1.0,100000000000000.0,30.710215339428885,0.042992179912334685,212063.59760675026,72063648.53939462,13140.19570313284,1412.924269154069
0.5,std,0,17558716220473.45,0.01755871622047345,90,10,0.1111111111111111,1.0,100000000000000.0,25.340080797794165,0.04373654035770323,218337.71638735684,71161565.7458431,13590.914522001582,1510.1016135557313
0.51,std,0,18291832537089.277,0.018291832537089277,64,10,0.15625,1.0,100000000000000.0,33.79215052461475,0.04448724737375437,224614.440901057,70273271.55644336,14044.082675903397,2194.387918109906
0.52,std,0,19039976308092.52,0.01903997630809252,76,10,0.13157894736842105,1.0,100000000000000.0,22.34856383683797,0.04524423191734168,230890.87842752275,69398532.8688438,14499.408339090081,1907.816886722379
0.53,std,0,19803112360954.02,0.019803112360954018,57,10,0.17543859649122806,1.0,100000000000000.0,23.605498861293775,0.04600742148573693,237164.24129021965,68537120.86228469,14956.602586811676,2623.965366107311
0.54,std,0,20581203669547.312,0.020581203669547313,66,10,0.15151515151515152,1.0,100000000000000.0,29.91556728982912,0.046776740062001616,243431.84487733757,67688810.89416112,15415.379573531223,2335.663571747155
0.55,std,0,21374211431999.035,0.021374211431999034,45,10,0.2222222222222222,1.0,100000000000000.0,19.959764101776678,0.04755210806153499,249691.10563074728,66853382.401291125,15875.456698117283,3527.8792662482847
0.56,std,0,22182095146627.152,0.022182095146627154,84,10,0.11904761904761904,1.0,100000000000000.0,21.086590573620157,0.04833344227992233,255939.53900782467,66030618.80524841,16336.554756447948,1944.8279471961841
0.5700000000000001,std,0,23004812685966.207,0.023004812685966207,86,10,0.11627906976744186,1.0,100000000000000.0,25.84628611555512,0.049120655842211244,262174.7574218373,65220307.42184981,16798.398082091455,1953.3021025687738
0.5800000000000001,std,0,23842320368896.08,0.023842320368896077,132,10,0.07575757575757576,1.0,100000000000000.0,27.191308615319294,0.04991365815374634,268394.4681637264,64422239.37422575,17260.714675411156,1307.6298996523603
0.59,std,0,24694573030885.92,0.024694573030885923,128,10,0.078125,1.0,100000000000000.0,23.95685198729569,0.050712354852696435,274596.4713130722,63636209.50946025,17723.236321900084,1384.627837648444
0.6,std,0,25561524092368.72,0.02556152409236872,69,10,0.14492753623188406,1.0,100000000000000.0,19.012675161355148,0.051516647764411366,280778.65763667726,62862016.318445235,18185.69869987992,2635.608507228974
0.61,std,0,26443125625262.445,0.026443125625262444,93,10,0.10752688172043011,1.0,100000000000000.0,21.210077286808946,0.05232643485774771,286939.00648658647,62099461.8588071,18647.841478617993,2005.1442450126874
0.62,std,0,27339328417661.7,0.0273393284176617,77,10,0.12987012987012986,1.0,100000000000000.0,20.013680205369415,0.05314161020350689,293075.5836919462,61348351.680681646,19109.40840678037,2481.741351529918
0.63,std,0,28250082036713.96,0.02825008203671396,116,10,0.08620689655172414,1.0,100000000000000.0,19.44981848031607,0.05396206393512963,299186.5394569587,60608494.75515795,19570.147392304945,1687.0816717504265
0.64,std,0,29175334889708.992,0.02917533488970899,124,10,0.08064516129032258,1.0,100000000000000.0,21.98954358739591,0.054787682211795266,305270.10626189335,59879703.405252725,20029.81057380602,1615.307304339195
0.65,std,0,30115034283402.89,0.03011503428340289,74,10,0.13513513513513514,1.0,100000000000000.0,20.49469846076139,0.055618347184074164,311324.5967729329,59161793.23922499,20488.154384175676,2768.6695113750916
0.66,std,0,31069126481602.4,0.0310691264816024,104,10,0.09615384615384616,1.0,100000000000000.0,18.57071712257261,0.056453936962285574,317348.4017643086,58454583.086089864,20944.9396069122,2013.9365006646349
0.67,std,0,32037556761032.797,0.032037556761032794,145,10,0.06896551724137931,1.0,100000000000000.0,18.6606871900399,0.05729432558771266,323339.9880515007,57757894.933217816,21399.931425403887,1475.8573396830268
0.68,std,0,33020269465524.42,0.03302026946552442,71,10,0.14084507042253522,1.0,100000000000000.0,19.10209084522962,0.05813938300682973,329297.89644456917,57071553.86587637,21852.89946606155,3077.8731642340213
0.6900000000000001,std,0,34017208058536.805,0.03401720805853681,166,10,0.060240963855421686,1.0,100000000000000.0,16.66248353998886,0.05898897504869533,335220.73971563845,56395388.00860588,22303.617835207584,1343.5914358558784
0.7000000000000001,std,0,35028315174056.523,0.035028315174056524,104,10,0.09615384615384616,1.0,100000000000000.0,21.374683891385672,0.059842963405668255,341107.2005904971,55729228.46830064,22751.865150668436,2187.679341410427
0.7100000000000001,std,0,36053532665893.94,0.036053532665893936,147,10,0.06802721088435375,1.0,100000000000000.0,15.77023454495436,0.06070120561760056,346956.0297600925,55072909.27894104,23197.424568100934,1578.0560930680908
0.72,std,0,37092801655412.414,0.037092801655412413,140,10,0.07142857142857142,1.0,100000000000000.0,15.682449518669463,0.061563555059664696,352766.04391824454,54426267.3478233,23640.083802735986,1688.5774144811417
0.73,std,0,38146062577719.24,0.03814606257771924,112,10,0.08928571428571429,1.0,100000000000000.0,15.444701335126869,0.062429860933968816,358536.12382247444,53789142.40325106,24079.635146633107,2149.9674238065277
0.74,std,0,39213255226347.42,0.03921325522634742,97,10,0.10309278350515463,1.0,100000000000000.0,15.953630039499448,0.06329996826511489,364265.2123845323,53161376.94359302,24515.875482153686,2527.4098435209985
0.75,std,0,40294318796466.19,0.04029431879646619,128,10,0.078125,1.0,100000000000000.0,17.67168343991993,0.06417371789985252,369952.3127877722,52542816.187593825,24948.606291711345,1949.1098665399488
0.76,std,0,41389191926642.27,0.041389191926642276,91,10,0.10989010989010989,1.0,100000000000000.0,16.3312893222598,0.06505094651097904,375596.48663422605,51933308.025967404,25377.633664292196,2788.7509521200213
0.77,std,0,42497812739193.87,0.04249781273919387,134,10,0.07462686567164178,1.0,100000000000000.0,18.26413343645863,0.06593148660563516,381196.85212308547,51332702.97407133,25802.76829904723,1925.5797238094947
0.78,std,0,43620118879162.02,0.04362011887916202,143,10,0.06993006993006994,1.0,100000000000000.0,14.640747363572904,0.06681516653814157,386752.58225937723,50740854.125752576,26223.825506184414,1833.8339514814277
0.79,std,0,44756047551934.336,0.04475604755193434,203,10,0.04926108374384237,1.0,100000000000000.0,16.932458307903836,0.0677018105275198,392262.90309521445,50157617.108157024,26640.625205478183,1312.3460692353785
0.8,std,0,45905535559553.17,0.04590553555955317,229,10,0.043668122270742356,1.0,100000000000000.0,13.523083915163582,0.06859123867983588,397727.0920050545,49582850.03763585,27052.991922806337,1181.3533590745126
0.81,std,0,47068519335739.02,0.04706851933573902,142,10,0.07042253521126761,1.0,100000000000000.0,15.177397229066418,0.06948326701550157,403144.4759926831,49016413.47646635,27460.754784648874,1933.8559707499207
0.8200000000000001,std,0,48244934979661.664,0.04824493497966167,78,10,0.1282051282051282,1.0,100000000000000.0,15.831325926014665,0.0703777075016633,408514.43003286136,48458170.39061373,27863.74751108938,3572.2753219345354
0.8300000000000001,std,0,49434718288489.96,0.049434718288489964,123,10,0.08130081300813008,1.0,100000000000000.0,15.282245302613916,0.0712743680898028,413836.37544754735,47907986.10823188,28261.80840736227,2297.7080005985586
0.8400000000000001,std,0,50637804788751.98,0.050637804788751975,265,10,0.03773584905660377,1.0,100000000000000.0,13.94592478094459,0.07217305275866856,419109.77831626276,47365728.279101126,28654.780354224604,1081.312466197155
0.85,std,0,51854129766537.14,0.05185412976653714,195,10,0.05128205128205128,1.0,100000000000000.0,13.841744824171013,0.0730735615626498,424334.14792072255,46831266.83476413,29042.510797212344,1489.3595280621714
0.86,std,0,53083628296569.234,0.053083628296569235,287,10,0.03484320557491289,1.0,100000000000000.0,14.174419727330426,0.07397569068569808,429509.03522579285,46304473.94949488,29424.851735175,1025.256158020035
0.87,std,0,54326235270182.42,0.05432623527018242,194,10,0.05154639175257732,1.0,100000000000000.0,14.435779736086781,0.07487923250089422,434634.03139330517,45785224.0019454,29801.659707922496,1536.1680261815718
0.88,std,0,55581885422229.96,0.055581885422229964,216,10,0.046296296296296294,1.0,100000000000000.0,13.615238168581556,0.07578397563574907,439708.7663333172,45273393.53755888,30172.79578350421,1396.8886936807505
0.89,std,0,56850513356954.55,0.05685051335695455,322,10,0.031055900621118012,1.0,100000000000000.0,14.192317540538843,0.07668970504331966,444732.90728723706,44768861.231587745,30538.125544775554,948.388992073775
0.9,std,0,58132053572849.6,0.058132053572849604,136,10,0.07352941176470588,1.0,100000000000000.0,14.339809967290407,0.07759620207921059,449706.1574488456,44271507.85283817,30897.51907587099,2271.876402637573
0.91,std,0,59426440486541.85,0.05942644048654185,264,10,0.03787878787878788,1.0,100000000000000.0,12.82146767336884,0.07850324458452297,454628.2546169786,43781216.22801512,31250.850948191506,1183.744354098163
0.92,std,0,60733608455720.6,0.0607336084557206,222,10,0.04504504504504504,1.0,100000000000000.0,13.400113921918958,0.07941060697480082,459498.9698846527,43297871.206686266,31598.000206350116,1423.3333426283834
0.93,std,0,62053491801144.55,0.06205349180114455,211,10,0.04739336492890995,1.0,100000000000000.0,12.793254760028859,0.08031806033501555,464318.10636155534,42821359.6268634,31938.85035395902,1513.6895902350245
0.9400000000000001,std,0,63386024827751.55,0.06338602482775155,272,10,0.03676470588235294,1.0,100000000000000.0,12.431376063602674,0.08122537252061583,469085.49792943965,42351570.28113079,32273.289339259045,1186.5179904139354
0.9500000000000001,std,0,64731141844897.78,0.06473114184489778,189,10,0.05291005291005291,1.0,100000000000000.0,12.174399755936996,0.08213230826466011,473801.0080321887,41888393.88338472,32601.20954083323,1724.931721737208
0.9600000000000001,std,0,66088777185756.45,0.06608877718575645,205,10,0.04878048780487805,1.0,100000000000000.0,12.417187160094828,0.0830386292910345,478464.528498368,41431723.03608367,32922.50775324317,1605.9759879630815
0.97,std,0,67458865225895.39,0.06745886522589539,225,10,0.044444444444444446,1.0,100000000000000.0,12.372722191812148,0.08394409443374791,483075.9783965137,40981452.198053606,33237.08517269073,1477.2037854529212
0.98,std,0,68841340401065.24,0.06884134040106524,367,10,0.027247956403269755,1.0,100000000000000.0,12.655472508781383,0.08484845976228053,487635.3029218669,40537477.652815565,33544.84738263534,914.0285390363852
0.99,std,0,70236137224218.94,0.07023613722421894,400,10,0.025,1.0,100000000000000.0,12.535759210095609,0.08575147871295036,492142.4723168315,40099697.47744613,33845.70433956765,846.1426084891914
1.0,std,0,71643190301788.47,0.07164319030178846,256,10,0.0390625,1.0,100000000000000.0,11.45905247897375,0.08665290222624604,496597.480819013,39668011.51188104,34139.570358468176,1333.576967127663
1.01,std,0,73062434349241.36,0.07306243434924135,512,10,0.01953125,1.0,100000000000000.0,11.768977398797244,0.08755247889006164,501000.3456452132,39242321.32879002,34426.36409865106,672.3899238017784
1.02,std,0,74493804205942.22,0.07449380420594222,320,10,0.03125,1.0,100000000000000.0,11.622929658265207,0.08844995508875261,505351.1060001187,38822530.203856505,34706.00854908897,1084.5627671590303
1.03,std,0,75937234849338.22,0.07593723484933822,607,10,0.016474464579901153,1.0,100000000000000.0,11.662144693182032,0.08934507515791797,509649.8221187026,38408543.086599246,34978.43101395801,576.2509227999673
1.04,std,0,77392661408496.36,0.07739266140849636,400,10,0.025,1.0,100000000000000.0,11.248944202363194,0.09023758154479809,513896.5743361693,38000266.571585506,35243.56309784316,881.089077446079
1.05,std,0,78860019177006.44,0.07886001917700644,374,10,0.026737967914438502,1.0,100000000000000.0,11.40933300728042,0.09112721497416236,518091.46218644344,37597608.87017283,35501.3406907832,949.2337083097113
1.06,std,0,80339243625277.95,0.08033924362527796,411,10,0.024330900243309004,1.0,100000000000000.0,11.258237654037522,0.09201371461954395,522234.6035287708,37200479.78263619,35751.70395297983,869.8711424082684
1.07,std,0,81830270412247.17,0.08183027041224718,512,10,0.01953125,1.0,100000000000000.0,11.503712132840157,0.09289681827966537,526326.1337022986,36808790.67077036,35994.597299220135,703.0194785003932
1.08,std,0,83333035396515.1,0.0833330353965151,1012,10,0.009881422924901186,1.0,100000000000000.0,11.288440019436733,0.09377626255988103,530366.2047069925,36422454.43092041,36229.96938283004,358.0036500279648
1.09,std,0,84847474646936.81,0.08484747464693682,1094,10,0.009140767824497258,1.0,100000000000000.0,10.873690335418738,0.09465178305844799,534354.9844110754,36041385.46742419,36457.77307912275,333.25203911446755
1.1,std,0,86373524452679.75,0.08637352445267975,1181,10,0.00846740050804403,1.0,100000000000000.0,10.764559521681615,0.09552311455742028,538292.6557837074,35665499.66649557,36677.96546824704,310.5670234398564
1.11,std,0,87911121332771.03,0.08791112133277103,1207,10,0.008285004142502071,1.0,100000000000000.0,10.824902992274062,0.09638999121794681,542179.416154256,35294714.37049736,36890.507817437174,305.63801008647204
1.12,std,0,89460202045148.53,0.08946020204514853,957,10,0.01044932079414838,1.0,100000000000000.0,10.51307784365848,0.09725214677973788,546015.4764934692,34928948.352648705,37095.36556234803,387.621374737179
1.1300000000000001,std,0,91020703595237.06,0.09102070359523706,1306,10,0.007656967840735069,1.0,100000000000000.0,10.77702308783639,0.09810931476444977,549801.0607219199,34568121.792101,37292.508287728626,285.54753665948414
1.1400000000000001,std,0,92592563244064.83,0.09259256324406483,918,10,0.010893246187363835,1.0,100000000000000.0,10.627334374424374,0.09896122868272254,553536.405038954,34212156.24944995,37481.90970699729,408.2996700108638
1.1500000000000001,std,0,94175718515935.14,0.09417571851593515,592,10,0.016891891891891893,1.0,100000000000000.0,10.367092990739248,0.09980762224459194,557221.757276235,33860974.64260373,37663.547640865385,636.2085750146181
1.1600000000000001,std,0,95770107205670.16,0.09577010720567015,1886,10,0.005302226935312832,1.0,100000000000000.0,10.343833482617553,0.10064822957298275,560857.3762729048,33514501.22304822,37837.403994800945,200.62250262354692
1.17,std,0,97375667385446.42,0.09737566738544642,3027,10,0.003303600925008259,1.0,100000000000000.0,10.266462400853488,0.10148278541997709,564443.5312720884,33172661.552509196,38003.464735267,125.54828125294681
1.18,std,0,98992337411228.42,0.09899233741122843,2401,10,0.004164931278633903,1.0,100000000000000.0,10.306429754285462,0.1023110253855389,567980.5013391201,32835382.47995832,38161.719864651874,158.94094071075332
