z,alpha_intrinsic,L_min_Jy_kpc2,L_min_over_L_star,n_generated,n_detected,detection_rate_10_per_n,N_ratio_detectable_L,mean_detected_L,mean_SNR,SFR_psi,comoving_volume_Mpc3,time_Gyr,nfrb_sfr_base,n_total_population_scaled
0.01,-4,10000000000.0,1e-05,57,10,0.17543859649122806,1.0,1351231517384.058,113.15067362126213,0.015366633837018974,115.41133100337737,137678720.05218962,4.883419218333078,34.26960854970581
0.02,-4,10000000000.0,1e-05,123,10,0.08130081300813008,1.0,12894552430169.246,7609.769079196449,0.015778461234561884,431.3442192753007,135706863.92550436,18.47227729799002,60.07244649752852
0.03,-4,12824661423.145555,1.2824661423145556e-05,101,10,0.09900990099009901,0.8823765001552992,25560356952387.15,441.3704074876267,0.016197006898133106,950.9675167518868,133769703.76805276,41.20863324663519,144.00605774395748
0.04,-4,23818037895.739338,2.3818037895739337e-05,156,10,0.0641025641025641,0.6459829865067741,47492995647705.32,98.83551634502608,0.0166223021408091,1668.4929499449952,131866423.28089881,73.14417913256848,121.15357764523861
0.05,-4,38859380307.94745,3.885938030794745e-05,141,10,0.07092198581560284,0.5045227586345742,3616631175271.307,37.110024167495716,0.01705437728000787,2578.15153244518,129996236.70924087,114.31548984507613,163.6163582731928
0.060000000000000005,-4,58400897703.62,5.840089770362e-05,135,10,0.07407407407407407,0.41051606772714033,12206932678313.53,221.20497446519593,0.017493261604641853,3674.1988726081927,128158387.20751494,164.74433119609168,200.38576303098432
0.06999999999999999,-4,82921946611.18904,8.292194661118904e-05,180,10,0.05555555555555555,0.34361496123785207,16910679885016.178,59.53918622106689,0.017938983341287663,4950.920305113881,126352145.30294725,224.43799374857392,171.37833893826112
0.08,-4,112929868406.05603,0.00011292986840605602,191,10,0.05235602094240838,0.2936460962639438,13256173766929.668,262.8392905473777,0.018391569619367408,6402.635839205024,124576807.45144194,293.3896502284646,180.42455596614136
0.09,-4,148960831164.9168,0.0001489608311649168,80,10,0.125,0.25495820504846534,157086305160612.44,79.86314329953309,0.018851046435337065,8023.704917239151,122831694.67989907,371.57873437522795,473.685235752443
0.09999999999999999,-4,191580675767.57092,0.00019158067576757092,160,10,0.0625,0.22416046772121256,35326800890725.25,34.06484043766449,0.019317438615878545,9808.53097819214,121116151.30983643,458.9713391045925,257.2080751107918
0.11,-4,241385766013.6667,0.0002413857660136667,194,10,0.05154639175257732,0.1990954711686056,107699910054277.16,939.5872389643312,0.019790769780093035,11751.565821476186,119429543.75708403,555.5206318723447,228.04462257011537
0.12,-4,299003842533.992,0.000299003842533992,166,10,0.060240963855421686,0.17832561564293536,65687974371157.44,24.0155078751134,0.020271062300694323,13847.313767515887,117771259.40308331,661.1672851719463,284.1037666777242
0.13,-4,365094880287.9639,0.00036509488028796394,110,10,0.09090909090909091,0.1608551737837931,89153930748242.28,114.91306033182283,0.02075833726420218,16090.335612046772,116140705.53330435,775.8399201247763,453.8104188366366
0.14,-4,440351949450.458,0.000440351949450458,216,10,0.046296296296296294,0.145973608708593,11381656650551.016,83.98699141054611,0.021252614430137,18475.252372228446,114537308.33873443,899.4555611865237,243.14217433223988
0.15000000000000002,-4,525502079502.751,0.000525502079502751,174,10,0.05747126436781609,0.13315978917283955,18846149184271.18,111.64502324682935,0.021753912189218152,20996.748823164922,112960511.97664525,1031.9201000370977,315.8856619865642
0.16,-4,621307126353.6312,0.0006213071263536312,155,10,0.06451612903225806,0.12202304744238279,93952681067747.27,102.16750337503274,0.02226224752057046,23649.57682435164,111409777.68701176,1173.1287667927402,369.41612171967625
0.17,-4,728564642327.5793,0.0007285646423275794,105,10,0.09523809523809523,0.11226492569717073,119689613461525.45,22.75225851638128,0.02277763594794393,26428.55843619751,109884582.96125181,1322.966606744486,565.8009440228868
0.18000000000000002,-4,848108748867.4283,0.0008481087488674283,163,10,0.06134969325153374,0.10365319170443088,120181394388453.16,217.66160410813063,0.023300091494954225,29328.588827306154,108384420.7601139,1481.3089608936307,376.791169808586
0.19,-4,980811011809.7589,0.000980811011809759,160,10,0.0625,0.0960047230212212,67014422025487.61,156.37814411622142,0.023829626639352574,32344.63897410881,106908798.77780546,1648.0219486471524,395.5447267819078
0.2,-4,1127581319100.8984,0.0011275813191008984,179,10,0.055865921787709494,0.08917307471094882,133913616386666.62,48.529155872525216,0.024366252266335785,35471.75815489682,105457238.74949963,1822.9629511092362,363.26080767498473
0.21000000000000002,-4,1289368760830.4023,0.0012893687608304023,120,10,0.08333333333333333,0.08303983833268813,151234378697071.5,49.86772623632114,0.02490997762090884,38705.076240577415,104029275.79969656,2005.9810934769346,555.2544856691786
0.22,-4,1467162511470.0916,0.0014671625114700915,249,10,0.040160642570281124,0.07750810308377198,104005254059728.23,87.85928378697513,0.025460810259314456,42039.80578554898,102624457.82893437,2196.917725160949,273.5404425836798
0.23,-4,1661992714212.831,0.001661992714212831,232,10,0.04310344827586207,0.07249805875867377,228555370604826.34,59.35034076855246,0.026018755999546127,45471.24392201676,101242344.93655138,2395.606896313128,299.44284401998834
0.24000000000000002,-4,1874931367316.4932,0.0018749313673164932,185,10,0.05405405405405406,0.06794308617541833,115042044207287.3,187.2167570914391,0.02658381887096318,48994.77406189834,99882508.87732875,2601.875829550988,382.2258890917208
0.25,-4,2107093212365.2087,0.0021070932123652087,233,10,0.04291845493562232,0.06378732032356038,48676131833878.35,30.83201350842075,0.027156001063028613,52605.86741050319,98544532.5499974,2815.54538574071,308.31947709144214
0.26,-4,2359636624366.4263,0.002359636624366426,141,10,0.07092198581560284,0.059983643065318004,130746964743262.25,40.01042073308573,0.02773530287319293,56300.08429695343,97228009.51565525,3036.4305228100643,516.6983394975202
0.27,-4,2633764503614.665,0.002633764503614665,231,10,0.04329004329004329,0.056491893182478825,233871077395708.2,145.94178009246724,0.0283217226539493,60073.07532592827,95932543.54423486,3264.3407466123494,319.32257795469786
0.28,-4,2930725169251.7007,0.0029307251692517007,258,10,0.03875968992248062,0.05327764626643572,479216503801213.2,73.79982784398847,0.028915256759088154,63920.58235671437,94657748.18751705,3499.0805530173334,289.0275596301112
0.29000000000000004,-4,3251813254468.7812,0.003251813254468781,177,10,0.05649717514124294,0.050311288931479625,456437683622144.5,48.87892031575216,0.029515899489181725,67838.43931448284,93403246.37677355,3740.449860405164,425.2810252215974
0.3,-4,3598370603294.626,0.003598370603294626,106,10,0.09433962264150944,0.04756732405325803,113680598850071.28,168.40955174553528,0.03012364303633178,71822.57283962067,92168670.04385954,3988.2444318799835,715.8872275276874
0.31,-4,3971787168923.794,0.003971787168923794,221,10,0.04524886877828054,0.04502338207098677,204784155188963.3,81.512732776783,0.030738477428216556,75869.00278168416,90953659.76403436,4242.256286612173,345.7026708329148
0.32,-4,4373501913544.438,0.004373501913544438,370,10,0.02702702702702703,0.04266002940160396,213439542653580.44,74.60172789782332,0.03136039047147566,79973.84254271291,89757864.41943079,4502.274099708356,207.64015726231182
0.33,-4,4805003709627.086,0.004805003709627086,246,10,0.04065040650406504,0.0404602168072461,463370530534639.3,77.0136991296307,0.031989367694474906,84133.29927763097,88580940.88171776,4768.083590226106,313.6873102693018
0.34,-4,5267832242644.968,0.0052678322426449676,231,10,0.04329004329004329,0.038408902737326,539540487413528.2,187.39569675603616,0.032625392289495694,88343.6739566795,87422553.71285346,5039.467896875534,335.1695797384748
0.35000000000000003,-4,5763578915198.297,0.005763578915198297,336,10,0.02976190476190476,0.03649277376440596,327554440274546.9,43.00210966490793,0.03326844505439697,92601.36129674943,86282374.8828454,5316.2079411226905,230.9561591427723
0.36000000000000004,-4,6293887752517.947,0.006293887752517947,362,10,0.027624309392265192,0.03470007065492664,205394277716769.38,62.79756592599275,0.03391850433380093,96902.84956797854,85160083.50335014,5598.082777438993,214.64515791078566
0.37,-4,6860456309331.802,0.0068604563093318015,259,10,0.03861003861003861,0.033020308300271806,475363073163847.8,62.04694074433466,0.03457554595985672,101244.7202813545,84055365.5762477,5884.869930480925,300.10844696753554
0.38,-4,7465036578076.109,0.007465036578076109,259,10,0.03861003861003861,0.03144409406693227,737244432991771.6,130.2995599695747,0.035239543192639965,105623.64776453015,82967913.75619605,6176.3457191196185,299.93759966315326
0.39,-4,8109435898440.595,0.008109435898440594,287,10,0.03484320557491289,0.029963034422101686,291320134703342.7,37.940454823961005,0.03591046666024937,110036.39863098074,81897427.12626469,6472.285567180027,270.28475991510396
0.4,-4,8795517868237.522,0.008795517868237523,157,10,0.06369426751592357,0.028569583993242165,202069041011240.97,23.333176548069325,0.03658828429866464,114479.83114977217,80843610.98588744,6772.464300935681,492.95920429762043
0.41000000000000003,-4,9525203255587.572,0.009525203255587573,282,10,0.03546099290780142,0.027256996407006517,172663585683576.88,47.86055106130635,0.03727296129143468,118950.89452071613,79806176.65031886,7076.656433306826,273.6005659237784
0.42000000000000004,-4,10300470912419.072,0.010300470912419072,365,10,0.0273972602739726,0.02601913298911518,189933332122432.2,27.954052990049927,0.037964460009266905,123446.62806252077,78784841.26087493,7384.636434929857,210.56639723474558
0.43,-4,11123358689277.883,0.011123358689277883,135,10,0.07407407407407407,0.0248504315889293,392443430337328.6,35.6759136788522,0.038662739949594106,127964.16031840147,77779327.60525452,7696.178992127814,566.6766504889691
0.44,-4,11995964351447.232,0.011995964351447232,343,10,0.029154518950437316,0.02374591911010715,320737532811472.56,79.33626448916775,0.03936775767619714,132500.70808562555,76789363.94735558,8011.059251982313,221.84252476250435
0.45,-4,12920446496380.543,0.012920446496380543,184,10,0.05434782608695652,0.02270097898302592,214065734945425.8,33.36823169315055,0.04007946675896711,137053.57537425807,75814683.86589663,8329.053054666392,411.0383877010644
0.46,-4,13899025472450.158,0.013899025472450158,223,10,0.04484304932735426,0.021711487720934564,328428501448082.8,50.14215288568336,0.04079781771389325,141620.15230112255,74855026.10136408,8649.937153299388,336.8663754093549
0.47000000000000003,-4,14933984299014.604,0.014933984299014604,358,10,0.027932960893854747,0.02077363857489023,210912367924977.47,19.194270120435128,0.04152275794336715,146197.91392365025,73910134.4107027,8973.48942152941,208.28159329436062
0.48000000000000004,-4,16027669587813.621,0.016027669587813622,343,10,0.029154518950437316,0.019883964626627337,276602146107672.7,26.689028087099935,0.04225423167689769,150784.41901903282,72979757.42922702,9299.489049130088,215.63931346776792
0.49,-4,17182492465694.943,0.017182492465694945,451,10,0.022172949002217297,0.01903930968083012,278840747377634.66,30.07930355424092,0.042992179912334685,155377.30881400243,72063648.53939462,9627.716725942735,162.57656786211228
0.5,-4,18400929498681.805,0.018400929498681804,330,10,0.030303030303030304,0.01823673896437905,193290090286105.6,31.962407675217378,0.04373654035770323,159974.3056692468,71161565.7458431,9957.954814412386,220.12196675093372
0.51,-4,19685523617388.574,0.019685523617388574,271,10,0.03690036900369004,0.017473604317190916,590531707527668.2,98.66821722403854,0.04448724737375437,164573.2117243734,70273271.55644336,10289.987511151057,265.3921331345974
0.52,-4,21038885043798.176,0.021038885043798177,415,10,0.024096385542168676,0.016747421899463544,364057486410061.8,39.02533043419999,0.04524423191734168,169171.90750623925,69398532.8688438,10623.600997757521,171.48715951904296
0.53,-4,22463692219401.56,0.02246369221940156,402,10,0.024875621890547265,0.016055931955334835,263376881561422.4,24.770111683477857,0.04600742148573693,173768.35050645235,68537120.86228469,10958.583581368857,175.07489782020687
0.54,-4,23962692734720.92,0.02396269273472092,380,10,0.02631578947368421,0.015397039756409492,281231852617448.4,19.408665492547403,0.046776740062001616,178360.57373132312,67688810.89416112,11294.725825236985,183.05825533570408
0.55,-4,25538704260215.15,0.025538704260215147,502,10,0.0199203187250996,0.01476881108155459,519065107153825.0,20.854173950663224,0.04755210806153499,182946.68422838915,66853382.401291125,11631.820669763902,136.88299761455366
0.56,-4,27194615478589.555,0.027194615478589555,371,10,0.026954177897574125,0.014169460220063934,245811105046122.16,23.641800818758973,0.04833344227992233,187524.86159305993,66030618.80524841,11969.66354431344,182.86110128161593
0.5700000000000001,-4,28933387018510.195,0.028933387018510195,317,10,0.031545741324921134,0.013597308990252355,675857370285778.8,47.790758029245424,0.049120655842211244,192093.35645955443,65220307.42184981,12308.05247028681,211.1752586835691
0.5800000000000001,-4,30758052389739.61,0.03075805238973961,324,10,0.030864197530864196,0.013050839473026876,724465623729964.4,18.270457545525883,0.04991365815374634,196650.4889782074,64422239.37422575,12646.7881557168,203.76691613535502
0.59,-4,32671718919702.547,0.032671718919702546,464,10,0.021551724137931036,0.012528616216069155,543791855315474.6,21.50142841459492,0.050712354852696435,201194.64728485045,63636209.50946025,12985.674081970572,140.2521783447978
0.6,-4,34677568691492.46,0.03467756869149246,412,10,0.024271844660194174,0.012029309809965638,219640656043866.38,24.346336348635788,0.051516647764411366,205724.28596112045,62862016.318445235,13324.51658265983,155.61625052508708
0.61,-4,36778859483326.3,0.0367788594833263,452,10,0.022123893805309734,0.011551666621188672,329021601847492.2,25.626330010094183,0.05232643485774771,210237.92449435568,62099461.8588071,13663.124915530349,139.67421595386125
0.62,-4,38978925709464.63,0.03897892570946463,710,10,0.014084507042253521,0.011094543965095904,298777890362500.4,19.00332195322219,0.05314161020350689,214734.14573297807,61348351.680681646,14001.311327270887,87.51445864191669
0.63,-4,41281179362596.41,0.041281179362596405,268,10,0.03731343283582089,0.010656865621748945,273241993663145.1,21.84957198780762,0.05396206393512963,219211.59434634086,60608494.75515795,14338.89111203553,228.07109812813871
0.64,-4,43689110957706.875,0.043689110957706875,489,10,0.02044989775051125,0.01023760936944429,301753212457685.56,25.444245673210837,0.054787682211795266,223668.97528681613,59879703.405252725,14675.68266376126,122.8989008928535
0.65,-4,46206290477433.46,0.04620629047743346,341,10,0.02932551319648094,0.009835863026737224,718525135728288.8,35.20811370972921,0.055618347184074164,228105.05225835618,59161793.23922499,15011.50752276821,173.1978085850833
0.66,-4,48836368318919.8,0.0488363683189198,401,10,0.02493765586034913,0.00945072184847462,574047694969503.9,30.85085240142207,0.056453936962285574,232518.6461940582,58454583.086089864,15346.190417030994,144.67089981554776
0.67,-4,51583076242170.18,0.05158307624217018,309,10,0.032362459546925564,0.00908136317134034,1277965438822221.8,44.09209020863722,0.05729432558771266,236908.6337418369,57757894.933217816,15679.559298288608,184.32591890527527
0.68,-4,54450228319925.53,0.054450228319925534,361,10,0.027700831024930747,0.008727025493090457,392602437891895.4,18.80196068412772,0.05813938300682973,241273.94576484614,57071553.86587637,16011.445373647253,154.82802432913556
0.6900000000000001,-4,57441721889052.14,0.05744172188905214,504,10,0.01984126984126984,0.008386966148499542,763405285047525.9,20.085697489693768,0.05898897504869533,245613.56585227113,56395388.00860588,16341.683132608658,108.77551051007518
0.7000000000000001,-4,60561538503462.94,0.060561538503462936,454,10,0.022026431718061675,0.008060521281510247,684899266392029.1,30.153093082313923,0.059842963405668255,249926.52884778974,55729228.46830064,16670.11037021765,118.3874708407613
0.7100000000000001,-4,63813744888568.55,0.06381374488856854,654,10,0.01529051987767584,0.007747034923587637,617339943211691.8,25.774187724420557,0.06070120561760056,254211.91939261014,55072909.27894104,16996.568206351203,80.53394952644774
0.72,-4,67202493897271.21,0.06720249389727122,474,10,0.02109704641350211,0.007445911621994039,674134544366093.9,23.29408150759139,0.061563555059664696,258468.87048771966,54426267.3478233,17320.90110164992,108.83535765078861
0.73,-4,70732025467502.8,0.07073202546750279,188,10,0.05319148936170213,0.00715658396374641,653795075844310.2,30.582488625069196,0.062429860933968816,262696.56207306916,53789142.40325106,17642.956870160273,268.64532385118844
0.74,-4,74406667581309.42,0.07440666758130943,610,10,0.01639344262295082,0.006878509322953419,693153576537332.5,29.74329454489456,0.06329996826511489,266894.219628518,53161376.94359302,17962.586689206353,81.02020984004255
0.75,-4,78230837225498.03,0.07823083722549803,695,10,0.014388489208633094,0.006611185736289382,874226292183555.0,31.478985542704937,0.06417371789985252,271061.11279444955,52542816.187593825,18279.64510653385,69.55403107496322
0.76,-4,82209041353831.14,0.08220904135383114,557,10,0.017953321364452424,0.006354141592706086,930441753912603.8,30.52679233439175,0.06505094651097904,275196.5540141475,51933308.025967404,18593.99004508749,84.84656769827888
0.77,-4,86345877850792.03,0.08634587785079204,549,10,0.018214936247723135,0.006106924887201548,648632745823364.1,21.344708534326607,0.06593148660563516,279299.89719918306,51332702.97407133,18905.482805643005,84.11975479077756
0.78,-4,90646036496909.62,0.09064603649690962,237,10,0.04219409282700422,0.005869102752358635,519013674875310.4,15.504678871158722,0.06681516653814157,283370.53641692677,50740854.125752576,19213.988067460898,190.32720717387463
0.79,-4,95114299935651.19,0.09511429993565118,870,10,0.011494252873563218,0.005640287107961939,659603227075894.0,20.928831710366204,0.0677018105275198,287407.9046019267,50157617.108157024,19519.3738871943,50.618332363876284
0.8,-4,99755544641884.84,0.09975554464188484,575,10,0.017391304347826087,0.0054200832960238365,502001106934708.7,20.65226550937397,0.06859123867983588,291411.4722922036,49582850.03763585,19821.511696351572,74.7368657024948
0.81,-4,104574741891912.02,0.10457474189191202,727,10,0.013755158184319119,0.005208137815074454,843885884984563.4,34.091528184788466,0.06948326701550157,295380.7463887919,49016413.47646635,20120.27629726567,57.655665382963164
0.8200000000000001,-4,109576958735071.38,0.10957695873507138,488,10,0.020491803278688523,0.005004110737867773,765639173791386.8,22.805890956014746,0.0703777075016633,299315.26894067763,48458170.39061373,20415.545857966317,83.73905921908292
0.8300000000000001,-4,114767358966914.66,0.11476735896691466,1132,10,0.0088339222614841,0.004807675424964963,923983738653325.0,24.14960881242875,0.0712743680898028,303214.61595506873,47907986.10823188,20707.20190598671,35.17791721667842
0.8400000000000001,-4,120151204103954.53,0.12015120410395454,480,10,0.020833333333333332,0.004618518226710555,885615341926124.2,28.928788211061338,0.07217305275866856,307078.39623268374,47365728.279101126,20995.129321309054,80.80532286884257
0.85,-4,125733854359986.5,0.1257338543599865,974,10,0.01026694045174538,0.00443636137104142,1440621829939725.0,21.616201728823107,0.0730735615626498,310906.2502281438,46831266.83476413,21279.21632849269,38.76890896335063
0.86,-4,131520769623978.8,0.1315207696239788,1033,10,0.00968054211035818,0.00426091268840767,696530011047496.9,23.51985137055989,0.07397569068569808,314697.8489369831,46304473.94949488,21559.354488273522,35.571162475494084
0.87,-4,137517510439534.83,0.13751751043953483,755,10,0.013245033112582781,0.004091914775950056,888647588146098.6,18.10800689652574,0.07487923250089422,318452.89280673204,45785224.0019454,21835.438688512997,47.33708832258429
0.88,-4,143729738985923.62,0.14372973898592362,547,10,0.018281535648994516,0.003929119342502396,785630106950364.4,19.972032164751607,0.07578397563574907,322171.1106754379,45273393.53755888,22107.367134877535,63.51918378168125
0.89,-4,150163220060678.28,0.15016322006067828,850,10,0.011764705882352941,0.0037722870373320116,1391162383179284.8,18.748190554278942,0.07668970504331966,325852.25873353076,44768861.231587745,22375.041340995947,39.720036899015
0.9,-4,156823822063755.78,0.15682382206375578,910,10,0.01098901098901099,0.0036211872715017357,1068187042217148.4,20.026002425412265,0.07759620207921059,329496.11951345816,44271507.85283817,22638.36611854841,36.03418164223458
0.91,-4,163717517983264.84,0.16371751798326484,806,10,0.01240694789081886,0.003475598032921412,1255464314171090.2,16.74892616064388,0.07850324458452297,333102.5009025155,43781216.22801512,22897.249566999468,39.494608215570224
0.92,-4,170850386382746.38,0.17085038638274638,748,10,0.013368983957219251,0.003335327406827071,978956018504564.4,19.695812189552214,0.07941060697480082,336671.23518237943,43297871.206686266,23151.603063300554,41.293142357758235
0.93,-4,178228612390016.06,0.17822861239001606,832,10,0.01201923076923077,0.0032001634013293367,1533518797776740.5,17.425103823104415,0.08031806033501555,340202.1780930862,42821359.6268634,23401.34125147623,36.003901834131106
0.9400000000000001,-4,185858488687555.5,0.1858584886875555,914,10,0.010940919037199124,0.0030699227090247305,990883192080805.2,23.853539858170606,0.08122537252061583,343695.20792111947,42351570.28113079,23646.3820320951,31.769175136368975
0.9500000000000001,-4,193746416504452.0,0.193746416504452,1269,10,0.007880220646178092,0.002944427951790174,791985320042583.2,18.634988522374073,0.08213230826466011,347150.2246129002,41888393.88338472,23886.646551802187,22.169427827157993
0.9600000000000001,-4,201898906609888.72,0.2018989066098887,886,10,0.011286681715575621,0.002823507582240925,1043322583882889.2,26.87385586055161,0.0830386292910345,350567.1489120798,41431723.03608367,24122.059192794826,30.748901593733905
0.97,-4,210322580308166.97,0.21032258030816697,639,10,0.01564945226917058,0.0027069957808392164,877675049804509.9,17.451201750610856,0.08394409443374791,353945.9215208195,40981452.198053606,24352.547562317133,41.26588012762368
0.98,-4,219024170435270.78,0.21902417043527078,1221,10,0.00819000819000819,0.0025947323492421237,1107388275456417.2,21.65656038484287,0.08484845976228053,357286.5022841089,40537477.652815565,24578.0424821219,20.89220046172281
0.99,-4,228010522356959.38,0.22801052235695937,799,10,0.012515644555694618,0.002486566002056434,1103277140617279.8,14.612711345691611,0.08575147871295036,360588.8693987945,40099697.47744613,24798.47797804704,30.870113763683086
1.0,-4,237288594968387.03,0.23728859496838703,1133,10,0.0088261253309797,0.0023823599239548576,1473971487880004.5,17.754543495027214,0.08665290222624604,363853.0186428155,39668011.51188104,25013.79126936128,21.03860683717501
1.01,-4,246865461695241.06,0.24686546169524107,1145,10,0.008733624454148471,0.0022819686898084557,1420583062008820.8,16.897278577628818,0.08755247889006164,367078.96263078565,39242321.32879002,25223.922758392004,20.108367500016588
1.02,-4,256748311496399.9,0.25674831149639993,549,10,0.018214936247723135,0.0021852601843996844,821244474721270.0,15.312520144623369,0.08844995508875261,370266.73008766654,38822530.203856505,25428.8160197729,40.487125088841225
1.03,-4,266944449868091.8,0.2669444498680918,1457,10,0.0068634179821551134,0.0020921094318371303,1053539833074851.2,17.850809310608774,0.08934507515791797,373416.365147143,38408543.086599246,25628.417789852847,14.71996007720347
1.04,-4,277461299849570.75,0.27746129984957074,1127,10,0.008873114463176575,0.0020023951413018493,1069205328495794.4,14.606717009832314,0.09023758154479809,376527.9266701796,38000266.571585506,25822.67795585604,18.35215789679095
1.05,-4,288306403030274.7,0.28830640303027466,1161,10,0.008613264427217916,0.001915999652041367,1223324746605211.5,17.621410972316745,0.09112721497416236,379601.48758449,37597608.87017283,26011.549544924572,17.170756202285016
1.06,-4,299487420558486.56,0.29948742055848654,1047,10,0.009551098376313277,0.00183280887627435,1375445678297087.5,17.3850361852654,0.09201371461954395,382637.13424460473,37200479.78263619,26194.988712914845,18.34208512967975
1.07,-4,311012134151474.94,0.31101213415147494,1318,10,0.007587253414264037,0.0017527122402856143,1373795943929694.5,20.470299791611012,0.09289681827966537,385634.9658124391,36808790.67077036,26372.954732984123,14.028588944764703
1.08,-4,322888447107113.8,0.3228884471071138,1245,10,0.008032128514056224,0.0016756084805314986,1429448955389300.0,19.3348098322928,0.09377626255988103,388595.09365715715,36422454.43092041,26545.409983833302,14.290671192962758
1.09,-4,335124385316976.6,0.33512438531697664,898,10,0.011135857461024499,0.0016013968789219124,913227683072611.6,13.900837285610569,0.09465178305844799,391517.64077446866,36041385.46742419,26712.319937579738,19.054354466282298
1.1,-4,347728098280892.8,0.3477280982808928,1358,10,0.007363770250368188,0.0015299805484456641,1227973617950826.5,13.16581003063009,0.09552311455742028,394402.7412244198,35665499.66649557,26873.653147190285,12.110800171097713
1.11,-4,360707860122966.0,0.360707860122966,1211,10,0.008257638315441783,0.001461263613293906,1381211427204920.5,19.415618725719536,0.09638999121794681,397250.5395886664,35294714.37049736,27029.381233476022,13.046094561957942
1.12,-4,374072070609037.3,0.3740720706090373,1276,10,0.007836990595611285,0.0013951592082221964,1918310469146689.5,18.031135538576386,0.09725214677973788,400061.1904437951,34928948.352648705,27179.478871416602,11.88705336117163
1.1300000000000001,-4,387829256165600.4,0.3878292561656004,944,10,0.01059322033898305,0.0013315818154818748,1277671738590068.5,15.81666009397971,0.09810931476444977,402834.85785462597,34568121.792101,27323.923775999883,15.416966113446733
1.1400000000000001,-4,401988070900152.0,0.401988070900152,1447,10,0.006910850034554251,0.0012704450078105944,1313875100931689.5,15.042993109293368,0.09896122868272254,405571.7148825384,34212156.24944995,27462.69668725686,9.644739711773884
1.1500000000000001,-4,416557297622970.06,0.41655729762297006,2150,10,0.004651162790697674,0.00121166894214364,1023108158950518.2,16.969456971880266,0.09980762224459194,408271.9431118183,33860974.64260373,27595.781354599414,6.220828130521796
1.1600000000000001,-4,431545848870309.7,0.43154584887030967,1905,10,0.005249343832020997,0.0011551778502330023,1368858553736951.8,17.620442674064385,0.10064822957298275,410935.73219184304,33514501.22304822,27723.164520308117,6.72444841831504
1.17,-4,446962767929034.06,0.44696276792903405,778,10,0.012853470437017995,0.0011008931767427788,1941270250085617.2,18.451265829722963,0.10148278541997709,413563.2793949058,33172661.552509196,27844.835902122188,15.760508921423481
1.18,-4,462817229862628.2,0.4628172298626282,930,10,0.010752688172043012,0.0010487403708033805,1977096524022188.8,16.06613249398179,0.1023110253855389,416154.789189954,32835382.47995832,27960.788174871188,12.612304240201802
1.19,-4,479118542538633.3,0.4791185425386333,1903,10,0.005254860746190226,0.0009986558061090278,1828451059531950.8,19.039879296789984,0.10313268613836393,418710.4728313976,32502592.119014297,28071.01695109818,5.892440160083896
1.2,-4,495876147657459.56,0.4958761476574596,1649,10,0.006064281382656155,0.0009505629269518368,1102913506733174.4,13.278208029399755,0.1039475056385125,421230.54796202824,32174219.82570734,28175.520760550397,6.496690232271929
1.21,-4,513099621782597.7,0.5130996217825977,3160,10,0.0031645569620253164,0.0009044044000501295,1432435358535832.5,17.420913441769684,0.1047552233614732,423715.2382308247,31850196.176586464,28274.301028539157,3.2368863618421155
1.22,-4,530798677372200.5,0.5307986773722005,2352,10,0.004251700680272109,0.0008601095500748723,1613046958825280.5,15.604557828154412,0.10555558052329424,426164.7729238543,31530452.947203357,28367.36205304666,4.149496430655947
1.23,-4,548983163812037.6,0.5489831638120376,2152,10,0.004646840148698885,0.0008176178912149279,1837717850631235.2,16.733283388355154,0.10634832030641155,428579.38661011425,31214923.090939093,28454.71098064535,4.324364458573514
1.24,-4,567663068449808.6,0.5676630684498086,3151,10,0.0031735956839098697,0.000776870296876786,1656628012745503.2,13.891991732783145,0.10713318808579403,430959.318798425,30903540.718176357,28536.357780945615,2.814223896041308
1.25,-4,586848517630819.4,0.5868485176308194,2814,10,0.0035536602700781805,0.0007378089935187182,2312607524092367.0,17.808861011044915,0.1079099316550206,433304.81360859826,30596241.075822484,28612.31521976832,3.0007709302825254
1.26,-4,606549777735003.5,0.6065497777350035,1672,10,0.005980861244019139,0.0007003775539698998,1830729530449828.5,13.944173715163313,0.10867830145189603,435616.11945460853,30292960.52715669,28682.59883084487,4.805896748958621
1.27,-4,626777256215276.2,0.6267772562152762,1308,10,0.00764525993883792,0.0006645208902704702,1815826469295486.0,14.267821816715832,0.10943805078320944,437893.4887395901,29993636.532022804,28747.226886035412,5.841936637038364
1.28,-4,647541502637236.4,0.6475415026372364,1936,10,0.005165289256198347,0.0006301852460462998,1910232404713220.0,14.856960039980175,0.11018893604823399,440137.17756208876,29698207.62734887,28806.220363996337,3.750672534658877
1.29,-4,668853209720172.0,0.668853209720172,1745,10,0.0057306590257879654,0.0005973181884308953,1955913788293767.2,14.87670115879865,0.11093071696056572,442347.4454342852,29406613.407992665,28859.602917333275,3.9514878472014887
1.3,-4,690723214379408.6,0.6907232143794086,2046,10,0.004887585532746823,0.0005658694525271235,1852857516332698.5,14.731301971494053,0.11166315676789583,444524.55501101766,29118794.50790167,28907.400838144138,3.1980088145186185
1.31,-4,713162498769939.5,0.7131624987699395,2796,10,0.00357653791130186,0.0005357942202854904,1722461859490157.5,13.57426092202157,0.11238602246931209,446668.77182948735,28834692.581594545,28949.643021949316,2.2190345365505895
1.32,-4,736182191331381.1,0.7361821913313811,1254,10,0.007974481658692184,0.0005070388278005655,1868965356488233.5,13.010696772582012,0.11309908502972522,448780.3640580869,28554250.285959702,28986.360929906183,4.688105412473282
1.33,-4,759793567834210.4,0.7597935678342104,1747,10,0.005724098454493417,0.0004795642698262048,1894288480629739.5,12.916675213600147,0.11380211959101888,450859.60225750174,28277411.26235228,29017.588549500266,3.1862160652222866
1.34,-4,784008052427291.9,0.7840080524272919,2350,10,0.00425531914893617,0.0004533198629657065,1837806742168136.8,13.605822104049576,0.11449490567952506,452906.7591489842,28004120.11900111,29043.36235340502,2.2410098795079016
1.35,-4,808837218686683.9,0.8088372186866839,2520,10,0.003968253968253968,0.0004282642529702674,2215143722771657.2,15.905172040779053,0.11517722740943068,454922.10939394933,27734322.413720313,29063.721256790133,1.9757068051706836
1.36,-4,834292790665714.2,0.8342927906657143,3087,10,0.003239390994493035,0.00040435702094610004,1831244622561433.2,13.617277053676267,0.11584887368172872,456905.9293811919,27467964.636896268,29078.706572830215,1.5235735876586207
1.37,-4,860386643946329.8,0.8603866439463298,2470,10,0.004048582995951417,0.0003815546387435642,2099094638667939.2,15.924788754848331,0.11650963837833293,458858.4970240613,27204994.194798715,29088.361966641103,1.7973764278257134
1.3800000000000001,-4,887130806691682.5,0.8871308066916825,2344,10,0.004266211604095563,0.00035981752300184855,2511978690016095.0,14.102083336235896,0.1171593205509839,460780.09156490775,26945359.393152125,29092.733407436528,1.78636096792098
1.3900000000000001,-4,914537460699989.4,0.9145374606999894,1731,10,0.005777007510109763,0.00033910696283590003,2442641833734745.0,17.532707048319587,0.11779772460458442,462670.9933888644,26689009.4209975,29091.869119104333,2.2796661768224102
1.4000000000000001,-4,942618942459614.4,0.9426189424596144,2287,10,0.004372540445999125,0.00031938512357154725,2142979419865984.8,12.50799609525181,0.11842466047461185,464531.48384468415,26435894.334847275,29085.819529101947,1.6247622325285436
1.4100000000000001,-4,971387744205391.6,0.9713877442053916,2498,10,0.0040032025620496394,0.00030061504996337085,2073261326115547.2,12.924565178258712,0.1190399437982678,466361.8450738374,26185965.04308979,29074.63721574702,1.39956341381564
1.42,-4,1000856514976185.9,1.0008565149761859,1848,10,0.005411255411255411,0.0002827606688523554,2178738737369241.5,12.911136317229289,0.1196433960790384,468162.3598466847,25939173.29070372,29058.376853945625,1.7784775054081097
1.43,-4,1031038061673650.1,1.03103806167365,4222,10,0.0023685457129322598,0.000265787941856499,2220355498375413.5,14.351288834104741,0.12023484484435139,469933.31140595814,25695471.644191947,29037.095159329678,0.7311899346176737
1.44,-4,1061945350122215.1,1.0619453501222151,3170,10,0.0031545741324921135,0.00024966348178356856,2376590176110963.5,14.224880075625464,0.12081412379603326,471674.98331700545,25454813.47682177,29010.850830926902,0.9139369120445355
1.45,-4,1093591506130280.0,1.09359150613028,1910,10,0.005235602094240838,0.00023435219992062883,2578520692891068.0,12.741762547768186,0.12138107295328354,473387.65932506934,25217152.95410143,28979.704492368295,1.4222947645730346
1.46,-4,1125989816552581.8,1.1259898165525817,1961,10,0.005099439061703213,0.00021982373315265757,2417223706041645.0,12.358832887157181,0.12193553878790152,475071.62321849074,24982445.019521292,28943.71863166667,1.2978105621485156
1.47,-4,1159153730353800.8,1.1591537303538006,3018,10,0.0033134526176275677,0.0002060464673787621,2248067975557688.5,12.963856561790127,0.12247737435151856,476727.1586988748,24750645.38054905,28902.957539693394,0.7893111064085063
1.48,-4,1193096859673295.2,1.1930968596732952,3319,10,0.0030129557095510697,0.000192989997020665,2469087495626591.0,13.60450564546189,0.12300643939460665,478354.5492559757,24521710.494854964,28857.487247267538,0.6711908861553528
1.49,-4,1227832980891048.2,1.2278329808910482,2320,10,0.004310344827586207,0.0001806244558923975,2593023657144374.5,12.843732866695252,0.12352260047705375,479954.07805061527,24295597.556820426,28807.375461204425,0.8971235376496643
1.5,-4,1263376035694771.5,1.2633760356947714,3318,10,0.0030138637733574444,0.00016892291321668473,2700850468742516.5,12.884261739389464,0.1240257310701164,481526.027800451,24072264.484238382,28752.691498989552,0.5855320567606896
1.51,-4,1299740132148175.0,1.299740132148175,5699,10,0.001754693805930865,0.00015785562513004336,2288674892714025.5,13.261611984556783,0.12451571164958056,483070.68067323155,23851669.90529175,28693.50622255083,0.3179106062069521
1.52,-4,1336939545760398.2,1.3369395457603983,4824,10,0.0020729684908789387,0.00014739606239921876,3300521545557531.0,16.536953783159454,0.12499242977998155,484588.31818515126,23633773.145745885,28629.8919710024,0.3499115541824844
1.53,-4,1374988720556572.0,1.374988720556572,3981,10,0.0025119316754584277,0.00013751879940127054,2406861555256015.5,12.830314860075035,0.12545578018975678,486079.22110184695,23418534.21637197,28561.922492332706,0.39465473898394765
1.54,-4,1413902270149536.2,1.4139022701495363,4779,10,0.002092487968194183,0.00012819842031952522,3329580307704290.5,13.873282076532528,0.12590566483722512,487543.6693479014,23205913.800602216,28489.67287448606,0.3056983517831463
1.55,-4,1453694978812693.5,1.4536949788126936,6006,10,0.001665001665001665,0.00011940969333368301,3174888276835158.5,11.838170131175017,0.12634199296731044,488981.9419184367,22995873.24240182,28413.219475540893,0.2259616266531447
1.56,-4,1494381802553997.2,1.4943818025539972,4372,10,0.0022872827081427266,0.00011112879542007903,3031045025661143.0,12.150432114057267,0.12676468115894596,490394.31679528696,22788374.534365553,28332.639853248627,0.28806698426005906
1.57,-4,1535977870191025.8,1.5359778701910258,3882,10,0.002575991756826378,0.00010333257643069249,3333992464429411.0,12.764087040675216,0.12717365336312167,491781.07086932147,22583380.306024913,28248.012694112873,0.30076660800923133
1.58,-4,1578498484427223.2,1.5784984844272232,5241,10,0.0019080328181644724,9.59985617668968e-05,2895603601868258.0,12.669549766315196,0.1275688409315561,493142.47986483126,22380853.81236754,28159.417741881418,0.20631662685852725
1.59,-4,1621959122929206.0,1.621959122929206,3757,10,0.002661698163428267,8.910594340372224e-05,2923258670993518.5,11.78155273834829,0.12795018263599814,494478.81826884765,22180758.922575094,28066.93572573671,0.2662689152295347
1.6,-4,1666375439405207.8,1.6663754394052077,5625,10,0.0017777777777777779,8.263284009091265e-05,3604889440892881.5,12.764403611912204,0.12831762467818383,495790.3592653664,21983060.10894857,27970.64828825243,0.16435869207056517
1.61,-4,1711763264684577.0,1.711763264684577,2528,10,0.003955696202531646,7.655874659817652e-05,3153546729984558.5,12.085595437764733,0.12867112069049735,497077.3746704374,21787722.43604854,27870.63791303316,0.3376172635306071
1.62,-4,1758138607798400.0,1.7581386077984,5551,10,0.0018014772113132769,7.086385932175698e-05,4208857759115369.0,13.078103261016446,0.12901063172740435,498340.13487482205,21594711.550035674,27766.98785251075,0.1417889332350392
1.6300000000000001,-4,1805517657061197.5,1.8055176570611975,3190,10,0.003134796238244514,6.553088634142501e-05,3903005184644355.0,13.45651657564907,0.1293361262477481,499578.9087855459,21403993.66818979,27659.78205549127,0.22728150897893235
1.6400000000000001,-4,1853916781153686.2,1.8539167811536863,3211,10,0.003114294612270321,6.053960766250199e-05,3670711130421509.0,13.111947330077196,0.12964758008801838,500793.9637751258,21215535.568644308,27549.105095105107,0.207762318768072
1.6500000000000001,-4,1903352530206619.0,1.903352530206619,4871,10,0.0020529665366454527,5.587343816426671e-05,3479563713640747.0,12.533687834816046,0.12994497642672279,501985.56563112966,21029304.58028762,27435.042096796606,0.1258788854961543
1.6600000000000001,-4,1953841636885685.5,1.9538416368856855,6176,10,0.0016191709844559584,5.151488734489451e-05,3693752747491498.5,11.336697639124099,0.13022830574001035,503153.9785093509,20845268.57286173,27317.67866668732,0.09114424475637468
1.6700000000000002,-4,2005401017477479.0,2.005401017477479,4591,10,0.0021781746896101066,4.744805235157301e-05,3897279209791757.5,11.873351834140697,0.13049756574871402,504299.46489060344,20663395.94724198,27197.100820399337,0.11243297438791697
1.68,-4,2058047772976506.5,2.0580477729765065,3270,10,0.0030581039755351682,4.365629551128514e-05,3717043366154968.0,11.820238290106747,0.13075276135699798,505422.2855401525,20483655.625891827,27073.39491238326,0.14457787508118988
1.69,-4,2111799190173237.2,2.111799190173237,3680,10,0.002717391304347826,4.012593915636575e-05,3615985318600587.0,11.214854241759195,0.13099390458281196,506522.6994692691,20306017.043500546,26946.647565839463,0.11752821094509842
1.7,-4,2166672742743212.5,2.1666727427432124,7202,10,0.0013885031935573452,3.684120711233696e-05,3523702027323999.5,12.439576262105785,0.13122101448037002,507600.96389959304,20130450.13778125,26816.94560334336,0.05487190486492901
1.71,-4,2222686092337156.2,2.222686092337156,6430,10,0.0015552099533437014,3.378829880562595e-05,4257898281462362.5,11.177955496134206,0.13143411705488842,508657.3342312035,19956925.34045368,26684.375978354285,0.0560883153342645
1.72,-4,2279857089672155.5,2.2798570896721553,6437,10,0.0015535187199005747,3.0954052184895e-05,4239222145968346.5,12.278607739642352,0.13163324516982902,509692.0640103103,19785413.568385925,26549.025707455752,0.05106726283714179
1.73,-4,2338203775623826.0,2.338203775623826,9007,10,0.001110247585211502,2.832596232293927e-05,4280915018341347.0,14.71394146650126,0.1318184384469108,510705.40490304196,19615886.214899182,26410.981803769675,0.03322378041458485
1.74,-4,2397744382319502.5,2.3977443823195026,7599,10,0.0013159626266614028,2.589131065977579e-05,4173281654757443.0,12.750103089330533,0.13198974315916043,511697.6066678364,19448315.141239457,26270.331211246812,0.03580330604161575
1.75,-4,2458497334232447.5,2.4584973342324474,6650,10,0.0015037593984962407,2.3638409825776918e-05,4037482357106068.0,11.118135194545172,0.13214721211728916,512668.9171322438,19282672.668198943,26127.160740204967,0.037149144851784305
1.76,-4,2520481249277063.5,2.5204812492770636,3932,10,0.00254323499491353,2.155607488463218e-05,4326353936327582.5,11.638357320277644,0.13229090454968861,513619.5821703764,19118931.567901675,25981.557004022634,0.05697460716155154
1.77,-4,2583714939905104.5,2.5837149399051045,6295,10,0.0015885623510722795,1.9633616541891996e-05,4595696596145673.0,12.98632388496424,0.13242088597635046,514549.84568435064,18957065.055737577,25833.60635722021,0.03222920547176139
1.78,-4,2648217414202856.5,2.6482174142028563,3763,10,0.0026574541589157587,1.7860833476768256e-05,4621678383267413.0,12.206236539305461,0.1325372280770222,515459.94958427915,18797046.782446537,25683.39483473188,0.04876182176574394
1.79,-4,2714007876989337.0,2.714007876989337,8948,10,0.001117568171658471,1.6228003828722137e-05,4617110557970159.0,11.094719482213534,0.13264000855391733,516350.13377368037,18638850.826349083,25531.008092785338,0.018521112967405287
1.8,-4,2781105730915469.5,2.7811057309154696,9604,10,0.0010412328196584756,1.4725990690300783e-05,6067660424204043.0,12.901318736382432,0.1327293109893057,517220.63613377034,18482451.68572671,25376.531351133028,0.015564121800454432
1.81,-4,2849530577564219.5,2.8495305775642197,8733,10,0.0011450818733539448,1.3346136237490924e-05,5121759285377064.0,12.961798997722804,0.13280522469831382,518071.69251071604,18327824.271332726,25220.049336880085,0.015416934128764192
1.82,-4,2919302218551714.5,2.9193022185517146,14913,10,0.000670555890833501,1.2079871345882509e-05,4567027310839993.0,10.94252940462995,0.132867844577269,518903.5367048191,18174943.89906127,25061.6462299546,0.00812020283440952
1.83,-4,2990440656629325.0,2.990440656629325,10695,10,0.0009350163627863488,1.0919279820775785e-05,4694353670015186.0,10.851028513708618,0.13291727094792347,519716.4004601459,18023786.282729935,24901.405610143556,0.010169440515672501
1.84,-4,3062966096786692.0,3.062966096786692,9636,10,0.0010377750103777502,9.857063771212538e-06,5103319165339842.0,12.460641425031108,0.13295360939789763,520510.5134553751,17874327.527015675,24739.410405840747,0.010122787298985941
1.85,-4,3136898947355764.0,3.136898947355764,17371,10,0.00057567209717345,8.886261476548363e-06,5014685282840079.0,12.01657423101542,0.13297697061768127,521286.10329854605,17726544.12051855,24575.74284464662,0.005028760046006386
1.86,-4,3212259821115693.5,3.2122598211156936,11185,10,0.000894054537326777,7.999875035857862e-06,5211606560873425.0,12.046891416282158,0.1329874702345315,522043.39551905816,17580412.92894541,24410.48440553443,0.006983668298937238
1.87,-4,3289069536398745.5,3.2890695363987454,11764,10,0.0008500510030601836,7.192040954784318e-06,5114017627939157.0,12.517068043647354,0.13298522864360543,522782.61356469576,17435911.18843124,24243.71577301762,0.005928656808422077
1.8800000000000001,-4,3367349118197156.5,3.3673491181971564,8853,10,0.0011295606009262397,6.456495461271139e-06,5586908683581995.0,11.987147089417947,0.13297037083666333,523503.97879779374,17293016.49898085,24075.516793047937,0.007023312544993611
1.8900000000000001,-4,3447119799270856.5,3.4471197992708564,11598,10,0.000862217623728229,5.787949183932994e-06,5457784823255934.0,11.815781237064584,0.13294302622867502,524207.71049228933,17151706.818034906,23905.966430764805,0.004772082044975848
1.9000000000000001,-4,3528403021256173.5,3.5284030212561737,15011,10,0.0006661781360335754,5.180925560566152e-06,5494716199212661.0,11.926554203046537,0.13290332848265865,524894.0258340681,17011960.454154097,23735.142730222422,0.0032767972194975743
1.9100000000000001,-4,3611220435775456.0,3.611220435775456,11437,10,0.0008743551630672379,4.630857714849057e-06,6064615705341374.0,12.541940917771285,0.13285141533307546,525563.1399195926,16873756.06082675,23563.122775892287,0.003816296892285611
1.9200000000000002,-4,3695593905547615.0,3.695593905547615,18663,10,0.0005358195359802818,4.132858514860338e-06,5938362816273191.0,11.79421009915759,0.13278742840810062,526215.2657569811,16737072.630372385,23389.98265611243,0.002071853163644642
1.93,-4,3781545505499558.0,3.781545505499558,8112,10,0.001232741617357002,3.6828025409274545e-06,5710582962533450.0,11.500742983405836,0.13271151305108214,526850.6142682699,16601889.488000676,23215.797428519145,0.00421593677314632
1.94,-4,3869097523878570.0,3.86909752387857,10931,10,0.0009148293843198244,3.27673294697739e-06,6079847115579684.0,11.376639893140252,0.1326238181414942,527469.3942916307,16468186.28592861,23040.641087279568,0.002762712570493822
1.95,-4,3958272463365547.0,3.958272463365547,14583,10,0.0006857299595419324,2.9108099575125834e-06,6082871914796572.0,11.620614530171142,0.13252449591568408,528071.8125852307,16335942.997650843,22864.58653233804,0.0018255356552900686
1.96,-4,4049093042189164.5,4.049093042189164,18065,10,0.0005535566011624688,2.5815967040765386e-06,6374969221672164.0,11.264002165672075,0.13241370178770218,528658.0738316387,16205139.912292665,22687.705540528852,0.001296883605789943
1.97,-4,4141582195240976.0,4.141582195240976,17389,10,0.0005750761975961815,2.285912310884264e-06,6407748237025463.0,11.58310881128172,0.13229159417049882,529228.380641866,16075757.62908553,22510.068738570142,0.0011836458277841968
1.98,-4,4235763075191309.5,4.23576307519131,27382,10,0.0003652034183039953,2.0208099676954916e-06,6230515648920870.0,11.117362441881593,0.13215833429775978,529782.9335633932,15947777.051919853,22331.74557805496,0.0006592391214691868
1.99,-4,4331659053606115.0,4.331659053606115,12834,10,0.0007791803023219573,1.7834579416620144e-06,6623391429659032.0,11.658030537115451,0.1320140860466449,530321.9310840176,15821179.384035045,22152.80431216362,0.001231372753018941
2.0,-4,4429293722064687.0,4.429293722064687,12051,10,0.0008298066550493735,1.571308160253082e-06,6359995912359346.0,11.113898544387798,0.13185901576168338,530845.5696413581,15695946.122775251,21973.311974403325,0.0011460242108760005
2.01,-4,4528690893278258.0,4.528690893278258,21028,10,0.0004755564009891573,1.3820061053326782e-06,6974575673626970.0,11.242766260356046,0.13169329208006922,531354.043628726,15572059.054465903,21793.334359041208,0.0005729222206534408
2.02,-4,4629874602209452.0,4.629874602209452,11255,10,0.000888494002665482,1.2133803710678848e-06,6937517287202734.0,11.661779484334868,0.13151708575859106,531847.5454056681,15449500.249373306,21612.93600350663,0.000932019984284365
2.03,-4,4732869107192602.0,4.732869107192602,14167,10,0.0007058657443354274,1.0634323712732652e-06,7517426318026413.0,11.74683680611467,0.13133056950241706,532326.2653041569,15328252.056764135,21432.1801723894,0.0006435144824530222
2.04,-4,4837698891054958.0,4.837698891054958,29791,10,0.00033567184720217517,9.303262367144072e-07,7454946207676030.0,11.294203085477978,0.13113391779594796,532790.391640439,15208297.100052891,21251.128843403767,0.00026545577822586445
2.05,-4,4944388662238726.0,4.944388662238726,20412,10,0.0004899078973153047,8.123789356773159e-07,7022590220709593.0,10.688434078919396,0.13092730673593825,533240.1107239936,15089618.27204791,21069.842694953884,0.00033542418936733504
2.0599999999999996,-4,5052963355923976.0,5.052963355923976,18487,10,0.0005409206469410938,7.080506475576342e-07,7103573467176931.0,11.221674692400834,0.1307109138670736,533675.6068677031,14972198.730271557,20888.38109540516,0.00032000934193827593
2.07,-4,5163448135152398.0,5.163448135152398,7067,10,0.0014150275930380643,6.159697663044028e-07,7699796960601294.0,11.500265261299607,0.1304849180201844,534097.0623989429,14856021.89238433,20706.802094057428,0.0007219337227557986
2.0799999999999996,-4,5275868391951878.0,5.275868391951878,34743,10,0.0002878277638661025,5.348205107669202e-07,7491404210347069.0,10.759265835537137,0.1302494991532604,534504.6576708824,14741071.431683572,20525.162413715487,0.00012638261342632826
2.09,-4,5390249748461962.0,5.390249748461962,30345,10,0.00032954358213873783,4.634358157229457e-07,7340575226113427.0,10.995802609606304,0.13000483819542183,534898.5710745335,14627331.272682121,20343.517444848647,0.00012427634999805448
2.0999999999999996,-4,5506618058060105.0,5.506618058060105,33203,10,0.00030117760443333435,4.007576677178548e-07,7662903556626619.0,11.22349136917911,0.12975111689399202,535278.9790495199,14514785.586787315,20161.92124125242,9.73411382508255e-05
2.11,-4,5624999406488810.0,5.62499940648881,21875,10,0.00045714285714285713,3.4585291219801917e-07,7992794505378990.0,10.859516534343019,0.12948851766480282,535646.0560978949,14403418.788036415,19980.426517276403,0.00012635956476267097
2.1199999999999997,-4,5745420112983515.0,5.745420112983515,23586,10,0.00042398032731281267,2.9784230393126165e-07,7409995767627683.0,10.962312886748792,0.1292172234458553,535999.9747956304,14293215.5289337,19799.084646434647,0.00010000856417915991
2.13,-4,5867906731401405.0,5.867906731401405,41341,10,0.00024189061706296412,2.5592829422382835e-07,8117857444743886.0,10.898274079667846,0.12893741755444604,536340.9058064348,14184160.69634576,19617.945661472662,4.8579254196235726e-05
2.1399999999999997,-4,5992486051350944.0,5.992486051350944,51466,10,0.00019430303501340691,2.194352246576159e-07,8273253850167621.0,11.263485612636591,0.12864928354785926,536669.01789396,14076239.407488255,19437.058255745636,3.31494597989563e-05
2.15,-4,6119185099322284.0,6.119185099322284,30492,10,0.0003279548734094189,1.8771034027142974e-07,8388190956272146.0,11.168568690910703,0.12835300508771263,536984.4779364186,13969437.005973084,19256.469785969122,4.7417532414413884e-05
2.1599999999999997,-4,6248031139818501.0,6.248031139818501,34374,10,0.00029091755396520625,1.601905756931643e-07,8611186079044152.0,10.938886376932512,0.12804876580803742,537287.4509394701,13863739.057946578,19076.226276187022,3.555980298173581e-05
2.17,-4,6379051676487536.0,6.379051676487536,30465,10,0.0003282455276546857,1.363743399318551e-07,8555922981749901.0,10.90811923345198,0.12773674918715994,537578.1000507313,13759131.34827611,18896.372422974684,3.3835290547049816e-05
2.1799999999999997,-4,6512274453255091.0,6.512274453255091,20050,10,0.0004987531172069825,1.1579929382055099e-07,8478877707238139.0,10.422150768254902,0.1274171384234439,537856.5865728221,13655599.876833957,18716.9516017871,4.324009532090526e-05
2.19,-4,6647727455458202.0,6.647727455458202,35279,10,0.0002834547464497293,9.8068854370581e-08,8471003014931078.0,10.534059356897192,0.12709011631494216,538123.0699796464,13553130.854817575,18538.005874487724,2.061284048216913e-05
2.1999999999999997,-4,6785438910979623.0,6.785438910979623,48819,10,0.00020483828017779963,8.282058050479435e-08,8526052954079405.0,10.69397908250267,0.12675586514299808,538377.707928706,13451710.70117912,18359.575997857846,1.2458679956283217e-05
2.21,-4,6925437291383120.0,6.92543729138312,45269,10,0.00022090172082440523,6.973253507958077e-08,8830618306476440.0,10.456513721753065,0.12641456655982633,538620.656277142,13351326.039074074,18181.701433185488,1.1202864061464325e-05
2.2199999999999998,-4,7067751313049348.0,7.067751313049348,45175,10,0.00022136137244050912,5.8532990898640946e-08,9084565471550218.0,10.974000070816285,0.1260664014800965,538852.0690960985,13251963.692418212,18004.420356819992,9.33129007531644e-06
2.23,-4,7212409938312734.0,7.212409938312734,39726,10,0.00025172431153400795,4.8962205845271e-08,9237325016869888.0,10.978591447981358,0.1257115499765309,539072.0986855391,13153610.682476113,17827.769671614744,8.789074444179433e-06
2.2399999999999998,-4,7359442376598947.0,7.359442376598947,59789,10,0.0001672548462091689,4.080463467115436e-08,9207915676711816.0,10.707565495384076,0.12535019117952442,539280.8955892368,13056254.22453316,17651.785019272775,4.8187769590070485e-06
2.25,-4,7508878085563302.0,7.508878085563302,100083,10,9.991706883286873e-05,3.38718709746999e-08,9156719146497872.0,10.453486693513618,0.12498250318078254,539478.6086104417,12959881.724614153,17476.50079351449,2.3658834366162615e-06
2.26,-4,7660746772229786.0,7.660746772229786,77359,10,0.00012926744140953218,2.798945564208566e-08,9354454333607306.0,10.370314598691019,0.12460866294096873,539665.3848258468,12864480.776277887,17301.95015398404,2.504024955630313e-06
2.27,-4,7815078394131035.0,7.815078394131035,139813,10,7.152410720033188e-05,2.3010637506537535e-08,9372114777504236.0,10.634221183819708,0.12422884620134438,539841.3696026931,12770039.157449897,17128.165040955457,1.1275918459930756e-06
2.28,-4,7971903160448865.0,7.971903160448865,136662,10,7.317323030542507e-05,1.8807151502819863e-08,9563324424737576.0,10.717675341823064,0.12384322739937846,540006.7066122822,12676544.827336488,16955.176190633647,9.333349939976034e-07
2.29,-4,8131251533155771.0,8.13125153315577,141526,10,7.065839492390091e-05,1.5268970643411706e-08,9418901604635100.0,10.530484444103255,0.12345197958829715,540161.537846563,12583985.923375618,16783.01315116169,7.242749321342522e-07
2.3,-4,8293154228157011.0,8.293154228157011,250565,10,3.990980384331411e-05,1.2296525575550277e-08,9364025132519268.0,10.401663842220284,0.12305527436053831,540306.003632589,12492350.758259717,16611.704299171583,3.260890336132211e-07
2.31,-4,8457642216433569.0,8.45764221643357,251176,10,3.981272096060133e-05,9.805607104063085e-09,9521107765747042.0,10.395638674259057,0.12265328177506969,540440.242649997,12401627.816991834,16441.276856945708,2.567390214802924e-07
2.32,-4,8624746725185817.0,8.624746725185817,648712,10,1.541516111926402e-05,7.723600981002221e-09,9555319508916908.0,10.351883291372705,0.12224617028852493,540564.391943521,12311805.754026573,16271.75690996906,7.749297539275778e-08
2.3299999999999996,-4,8794499238977921.0,8.79449923897792,1984065,10,5.040157454518879e-06,5.987912721217015e-09,9623296739311104.0,10.346857429862457,0.12183410669010708,540678.5869409901,12222873.3904306,16103.169425067137,1.9439760905468804e-08
