frb_name,dm,freq_top_base,freq_low_base,alpha_base,alpha_err_base,peak_freq_gauss_base,peak_freq_gauss_err_base,freq_top_cat1,freq_low_cat1,alpha_cat1,alpha_err_cat1,peak_freq_cat1,peak_freq_gauss_cat1,peak_freq_gauss_err_cat1,sep_deg
FRB20181213A,678.7073597018583,799.6093749999995,400.7812499999989,0.387139765474928,0.031077741991913,665.8196896791877,2.05937269306635,800.1953125,400.2197265625,-0.953620276620936,0.1640493937546363,434.58251953125,434.58251953125,,0.0711666064076053
FRB20181214C,632.9148660324599,799.609375,400.78125000000017,-0.024833836405984,0.0095667190834247,547.7474825820028,22.726605458519614,800.1953125,400.2197265625,-0.4430382907121359,0.1202919273003718,459.58251953125,527.3422496513182,27.93027610870923,0.0422854059590229
FRB20181215B,494.0636028499866,799.6093749999995,400.7812499999989,0.9578959059036444,0.0184347428765405,773.207567021214,12.221165918048763,800.1953125,400.2197265625,0.5870282088297487,0.1277082357322446,640.83251953125,578.9646906301261,2.506492225172245,0.1441203648692733
FRB20181219C,647.9191325874482,799.6093749999995,400.7812499999989,-0.1429298318679307,0.01349204964919,526.1874807096079,9.49539513570379,800.1953125,400.2197265625,-1.7304370896673016,0.1848089900000007,472.08251953125,472.08251953125,,0.1540798237331654
FRB20181221A,316.5871906312536,799.6093749999999,400.7812500000001,-0.3510220078274457,0.0099430212367688,512.888572691533,0.5156094344883999,800.1953125,400.2197265625,-1.6050106362341574,0.2039781253196553,515.83251953125,516.3422557683917,1.1905010016242592,0.1515352960572216
FRB20181221B,1394.874696001256,630.8593750000001,400.78125000000006,-0.5294958694502054,0.0248654368339223,453.831471989444,1.874113806047796,800.1953125,400.2197265625,-1.066482202759559,0.2188004181426306,478.33251953125,494.2506503128087,1.8396918446694928,2.774948111637407
FRB20181222E,328.0708943775308,799.6093749999995,400.7812499999989,-0.2421585498048303,0.0130302607507107,512.40811205019,1.9742914496155024,800.1953125,400.2197265625,-2.1504242958252875,0.2144893616736346,465.83251953125,471.6978245086463,7.163759934810806,0.1829545686988775
FRB20181223C,112.54543227027276,799.6093749999995,400.7812499999989,-0.1072550577100065,0.0187096911960979,545.5879655582936,8.904654730115258,800.1953125,400.2197265625,-0.7810492452265771,0.1699107974308838,509.58251953125,518.6324987343912,10.844306015720951,0.1587025082088552
FRB20181224E,581.8812592164468,799.6093749999995,400.7812499999989,-0.3407503250261867,0.0123228846428059,501.4502197253146,3.5551475424723544,800.1953125,400.2197265625,-2.0885726490227303,0.1626026514608937,453.33251953125,464.8875440516662,9.793035469986297,0.1296502893512194
FRB20181225A,349.5351928844641,799.6093749999999,400.78124999999966,-0.2797133243142348,0.0069878909485747,448.0396666757961,0.6709033618048571,800.1953125,400.2197265625,-2.790645105315837,0.1769504413980633,447.08251953125,449.8261158197426,1.7084663427165017,0.1779767923503154
FRB20181226A,349.0748162974598,799.6093749999995,400.7812499999989,-0.2875936716879345,0.0205686956627993,555.2581535300052,0.4672875962868474,800.1953125,400.2197265625,-1.300815465164695,0.1993636634933394,547.08251953125,542.6250047635705,1.758101231332837,0.021728410145139
FRB20181226D,385.3236030424623,799.6093749999995,400.7812499999989,-0.0153751571391578,0.0203547485525914,583.5811053304452,2.669344852550297,800.1953125,400.2197265625,-0.920090732205452,0.1610334182014891,565.83251953125,450.8316684089732,66.95354921431827,0.1961845821516482
FRB20181226E,308.84784705928445,555.0781249999999,400.78124999999983,0.0997377119436084,0.05630234874171,480.8841151172201,4.025389977471242,800.1953125,400.2197265625,-3.078375454326535,0.2602840208496504,434.58251953125,450.163665453238,3.95409797186797,1.680663778879784
FRB20181229A,955.6705943012232,799.6093750000002,400.7812499999999,0.1859974360500953,0.0137127382795426,669.8738026045786,3.741532151563385,800.1953125,400.2197265625,0.5773998229552336,0.1676276936745113,622.08251953125,626.5931766417476,10.693912741763532,0.0463593718368722
FRB20181231A,1376.8014802442704,599.9999999999999,400.78124999999983,0.3045845463848087,0.0342576444126211,790.2343749999998,871.4455454238633,800.1953125,400.2197265625,1.656153256061904,0.1860838572022349,665.83251953125,676.5244289029683,7.905402645881826,0.1173643045314705
FRB20181231B,197.48790836049048,799.6093750000002,400.7812499999999,-0.1514588071199527,0.0116654193311141,558.7873624493776,2.3504128706632343,800.1953125,400.2197265625,2.3409117521814573,0.2442038065284954,697.08251953125,676.9609013508239,3.524657606077504,3.010330682955248
FRB20181231C,556.1811152206744,445.70312500000017,400.78125000000006,-0.0172960678241577,0.3128165219791394,431.64062500000006,,800.1953125,400.2197265625,-1.7461011948433778,0.1814043181368971,459.58251953125,438.91380056936055,19.750428903599158,1.9075170556059704
FRB20190102A,699.2028491031466,474.2187500000001,400.78125,0.4719401238970727,0.0658366862628356,447.23081256448665,1.321680106361662,800.1953125,400.2197265625,-1.452199899971069,0.2274152475225034,515.83251953125,504.3657723380159,1.9672132448191049,1.5767335044476951
FRB20190102B,367.1725284710431,799.6093749999997,400.78124999999983,-0.0826309930251472,0.0179366602829319,552.5782643808457,7.854660467701243,800.1953125,400.2197265625,-1.18464338132621,0.1508532158173073,409.58251953125,439.6152171200136,46.957054255317225,0.11867628638836
FRB20190103C,1349.169603794261,540.2343749999997,400.7812499999996,0.2727546446614041,0.0255334158506632,503.02529675924455,5.039312450617223,800.1953125,400.2197265625,-0.7160350780773371,0.1343889841344599,509.58251953125,541.5603512755362,5.164083700636091,0.2374349221120714
FRB20190106B,316.5507963944804,799.6093750000002,400.7812499999999,-1.1013784771254205,0.01395801185062,400.9765625,6.934660289874612,800.1953125,400.2197265625,-3.6077779770503935,0.1550936738208456,434.58251953125,454.6992584010205,1.7991010419118494,3.31241572094227
FRB20190110A,472.8307678420631,799.6093750000002,400.7812499999999,-1.3127845454685283,0.014718087626665,400.97656250002257,5.716891119171986,800.1953125,400.2197265625,-5.4092213759210725,0.1724133798829744,422.08251953125,405.3768775140885,6.710789199295387,1.6934529705269248
FRB20190110C,222.11122478247424,799.6093749999998,400.7812499999998,-0.5946335936646513,0.0184155754591645,424.9685349941817,1.9506188618663016,800.1953125,400.2197265625,-3.667328052997763,0.2593126412929071,422.08251953125,429.83684694388376,1.820387242896236,1.7398754225419388
FRB20190111B,1336.907935550686,638.6718749999998,400.7812499999995,-1.0245697768051238,0.0371643508974481,464.3211708128271,1.5505844017677666,800.1953125,400.2197265625,-2.213030528494228,0.1580306176330786,478.33251953125,445.43173295305104,9.986908060811302,0.1041418054921812
FRB20190115B,748.1935990748117,799.6093750000002,400.7812499999996,-0.0816704017527289,0.0142785514860125,557.7787850634016,5.631004440440665,800.1953125,400.2197265625,-1.0516847253588049,0.1637202691783277,472.08251953125,477.26558511694486,24.68610134054469,0.1833693422859525
FRB20190116A,445.3288391075188,799.6093750000002,400.7812499999999,0.0759076203158789,0.0086208474686534,655.0760932108491,3.0216442413043314,800.1953125,400.2197265625,1.1043930482341573,0.1736218131695439,659.58251953125,666.1197867271012,5.431375689600186,0.028278557815482
FRB20190117A,393.33259255554606,799.6093749999994,400.7812500000007,-0.8129394292189789,0.0136014812184935,507.6973493563086,0.3365351087507195,800.1953125,400.2197265625,-0.8329793060258232,0.1943093079756628,509.58251953125,510.339703368446,1.1892110022997435,0.1977604052857067
FRB20190118A,225.1422860556616,799.609375,400.7812499999996,-2.04680081357313,0.0113138369918114,457.4090800276446,0.6623006295022426,800.1953125,400.2197265625,-0.4935130916406463,0.0925983643985076,478.33251953125,482.3895423933084,1.3422218374182933,1.6709382936199724
FRB20190121A,425.5938631890438,799.6093750000002,400.7812499999999,0.3394102904405437,0.0097728558215941,661.973100374139,1.2024363336353636,800.1953125,400.2197265625,0.6062668026281662,0.1098086575065097,640.83251953125,601.1311084383767,9.358529234892629,0.0421206897435238
FRB20190122C,690.1743856350668,799.6093750000002,400.7812500000002,-0.2940065150662783,0.0056948985320034,520.0331695338384,1.25072407654989,800.1953125,400.2197265625,-1.390988241644736,0.0555779766857388,509.58251953125,503.53131574956535,5.061839912638706,1.162403733036315
FRB20190124B,441.9614210749314,799.6093750000002,400.7812499999999,-0.0348013428336604,0.0091411326187631,585.7595598648614,8.429522077752054,800.1953125,400.2197265625,-0.2491209678409207,0.1180532930043692,559.58251953125,568.6786550659937,7.953416203845067,0.0723318397760507
FRB20190124F,254.78675919616495,799.6093749999999,400.7812499999998,-0.79070173718581,0.0112454191718133,464.0832219644281,2.0468373143848844,800.1953125,400.2197265625,-3.2943075757697198,0.1647110553241498,428.33251953125,445.43879371537145,9.586354550665853,0.0298092184772912
FRB20190130B,988.8567531127128,799.6093750000001,400.78124999999966,-1.0810193621464894,0.0175543385289815,492.0517313145324,0.5416749318899582,800.1953125,400.2197265625,-3.21030199713874,0.2296499570735742,490.83251953125,491.7653761588373,0.9946411833036491,1.4656886896715626
FRB20190131E,279.8219349115169,799.609375,400.78125,-1.1325858609654378,0.0217469167398708,486.7329213164189,1.296208830655185,800.1953125,400.2197265625,-3.2417764387194614,0.3230734296065191,472.08251953125,489.8122017260057,2.7789710565249908,1.6520451996139145
FRB20190201B,749.2048438668345,799.6093750000001,400.78124999999966,-0.2963933121401543,0.013169123359522,460.920800090974,12.644263614756172,800.1953125,400.2197265625,-1.9542729369649567,0.1839280051221672,428.33251953125,436.4755787042574,23.55462299105798,0.1618140184198107
FRB20190203A,420.6172856072336,799.6093750000001,400.78124999999966,-0.8228915021899552,0.0116679384118408,444.3423304637818,1.1690965861336522,800.1953125,400.2197265625,-1.8483992629209345,0.206912109161687,484.58251953125,480.0275740312201,1.6993925260685765,3.210198125078561
FRB20190204B,1464.9488112950492,620.3124999999999,400.78124999999983,0.2748865426269501,0.0281558261622806,611.8844586451838,69.95076777750359,800.1953125,400.2197265625,0.4650722513902014,0.1491469559695225,622.08251953125,612.8027519467864,6.257457411363937,0.0644829583016234
FRB20190206A,188.561208,799.6093750000001,400.78124999999966,-0.0907787417464117,0.0096784433492584,552.0760107309973,3.727317531210632,800.1953125,400.2197265625,-1.8589677421119812,0.2076538600107972,540.83251953125,549.2623978600653,1.946112333494912,1.30385688281054
FRB20190208C,238.35981641977924,799.6093750000001,400.7812500000015,-1.1578627580611665,0.023419021279142,434.7213076816485,3.294855148564233,800.1953125,400.2197265625,-2.266096903683253,0.3004500195450265,478.33251953125,481.348875224265,2.8856827156676177,1.6774616282923631
FRB20190210B,624.2312415544822,530.46875,400.78125,-0.7837204708536112,0.0407258956517328,421.44727826487895,5.647896102303413,800.1953125,400.2197265625,-2.842150635747036,0.1048140875530668,409.58251953125,409.58251953125,,0.2148491516445657
FRB20190212B,600.2289608757449,799.6093749999994,400.78124999999926,-0.3883482050532176,0.016707244929065,470.41752104218193,2.602261351469913,800.1953125,400.2197265625,-1.6933083260488584,0.1325359262238712,472.08251953125,460.64004111964255,8.62190469715288,0.1578747531164902
FRB20190212C,1016.5207715289006,719.1406250000005,400.7812499999997,0.2083911963886988,0.0105002910046167,790.2343749968605,157.6034665263663,800.1953125,400.2197265625,0.045692395666346,0.105527077433163,603.33251953125,588.636115096461,8.244928707494694,0.1504845569150254
FRB20190213D,1346.8151149575965,478.9062500000001,400.78125000000017,0.1762417840967303,0.0795494504511351,444.9389241550084,2.1665971171905087,800.1953125,400.2197265625,2.454923742583627,0.4043776289415396,684.58251953125,678.1499919677372,2.621977585533782,1.2489426886123434
FRB20190214C,533.0971369825112,799.6093750000001,400.7812499999997,-0.1493247132983697,0.0098693460547653,516.8542741884729,5.060236575792169,800.1953125,400.2197265625,-1.4906949828829943,0.174812592044663,453.33251953125,481.49106472929947,6.313571884257004,0.2856718688369942
FRB20190217A,798.5197233431205,799.6093750000001,400.78124999999966,0.0844767743445483,0.0099820720925205,667.1394376192886,7.480561420958836,800.1953125,400.2197265625,0.0994644239522009,0.1688342729532463,590.83251953125,599.4691685254934,14.370989879995124,0.1359171838387093
FRB20190224C,497.4299169902271,798.8281250000001,400.7812499999996,0.1670728941319354,0.0080652045014907,659.8855560953932,2.531201557364818,800.1953125,400.2197265625,2.227470056521718,0.1948047940325458,715.83251953125,713.0608759952426,3.8957840918834257,0.9421579390625652
FRB20190224D,752.9024231943205,799.6093750000001,400.78124999999966,-0.0936973195413962,0.0177869619028941,560.8974294185888,2.0464006248233413,800.1953125,400.2197265625,-0.4831514880074183,0.1541347570552344,540.83251953125,547.3090894054692,4.043385383347374,0.0381175766368505
FRB20190226A,601.5861089950743,799.6093750000002,400.78124999999983,-0.0038807222755998,0.0252220033168046,588.8233081192166,4.16998961149608,800.1953125,400.2197265625,-0.2075251841465284,0.1557412226413743,559.58251953125,547.2875915778833,16.002444964501766,0.0646850174164096
FRB20190227A,394.0377006623895,651.9531249999995,400.7812499999994,-0.0127634899050676,0.0156699294001669,461.6950288354228,1646.6127904391262,800.1953125,400.2197265625,0.3782216225822761,0.0429071545132058,709.58251953125,691.6996593418387,8.725826181788916,0.1583772197543874
FRB20190301A,460.1976879215661,799.6093749999999,400.78125000000034,0.1087221856905429,0.0101364915279922,602.1403739252181,0.5668804686061978,800.1953125,400.2197265625,1.8741719715722127,0.2463354497784175,597.08251953125,599.6461414725603,1.125388731511442,1.3520856640738137
FRB20190303B,193.67200113066505,799.6093750000006,400.7812499999993,0.3560525679983098,0.0056903763104923,669.7564774385339,0.34042550453837,800.1953125,400.2197265625,-0.8984450630984635,0.0275396997215889,522.08251953125,498.8660666110545,19.23454510109402,0.0376011283274941
FRB20190304A,483.62423164084254,799.6093749999999,400.78125000000045,-0.3883594509863342,0.0122132637297351,400.9765625000008,22.680945521300902,800.1953125,400.2197265625,-3.77677255925495,0.1891477798009494,434.58251953125,426.5449818320368,3.5368338023027013,2.8475307316664544
FRB20190304B,469.9787430666804,558.9843749999998,400.7812499999998,-0.2429410891290794,0.0432531600116931,452.41439201405433,2.676029028408887,800.1953125,400.2197265625,-2.086456112501929,0.1871370362318161,428.33251953125,441.4856807153329,20.92570066836632,0.0949061326424441
FRB20190320A,614.1861886773693,799.6093749999995,400.7812499999998,0.0514783952268785,0.0099593377176055,665.0504624127151,6.767481128510573,800.1953125,400.2197265625,0.237320327531482,0.242393762789903,522.08251953125,627.589306877752,25.851683581535895,0.0878087678840572
FRB20190320B,489.4712674240424,799.6093749999995,400.7812499999998,0.036741074120159,0.0117711295752502,668.7323461634617,3.920297803221218,800.1953125,400.2197265625,-1.6153554868695594,0.1999489251124939,422.08251953125,422.08251953125,,0.1929457690916301
FRB20190320E,299.23967320914505,799.6093749999998,400.7812499999998,0.2652348731220606,0.0135272274517934,679.9741241710622,6.639408948069026,800.1953125,400.2197265625,0.2302133254908067,0.1486474746807941,603.33251953125,588.347707332027,4.816640673197471,0.0799040441438522
FRB20190322A,1055.7933908913712,727.7343750000001,400.78125000000006,0.016368446146368,0.0103514641450292,695.5420508639369,77.40751667092196,800.1953125,400.2197265625,0.4371357147339022,0.1159061957440183,709.58251953125,635.199150363849,24.89384498326277,0.161436459144211
FRB20190323B,789.5206536660785,799.6093749999998,400.7812500000001,0.8136474812083624,0.014554515312509,661.9364724526625,0.7509733336409138,800.1953125,400.2197265625,1.0822914096549496,0.0915131847550689,628.33251953125,638.3978033407204,7.766609753045509,0.1077803454846954
FRB20190327A,346.6140865033519,799.6093750000002,400.7812499999999,-0.0575877891958832,0.0162643304553238,573.4912793693074,5.358010022612003,800.1953125,400.2197265625,-0.7209764945573699,0.1658769233574492,484.58251953125,529.2834537411242,17.53645626931182,0.0122062666226457
FRB20190405B,1114.0917712156947,687.8906250000005,400.78124999999983,0.3010287731541432,0.0142136370573307,593.7109215677833,3.0588423236795066,800.1953125,400.2197265625,1.0843433363769994,0.3415018890050599,678.33251953125,674.5224387588325,5.924558052877864,1.2516823241917268
FRB20190410B,642.1811480428942,600.0,400.7812499999998,-1.4538169400877097,0.037235729092807,413.1069940709146,5.737272209312,800.1953125,400.2197265625,-3.3029003319241155,0.28701734243828,428.33251953125,456.7166561898548,1.830928372154632,1.6968054814606808
FRB20190411B,1229.5318371541046,628.1249999999999,400.78125,-0.0101241119268708,0.0190346251850099,790.2343713281814,11645.188853867836,800.1953125,400.2197265625,-0.1122826029227702,0.1863166312980101,659.58251953125,550.2064465719725,93.38086215961336,0.088198333180875
FRB20190411C,233.6849879826816,799.6093749999998,400.7812499999992,-1.0746659456068228,0.0124313365794314,469.4458818224308,2.9601568053824825,800.1953125,400.2197265625,1.0571904284189146,0.1582549938018999,665.83251953125,649.2295589354459,4.067617230839733,1.1980722537290842
FRB20190412A,364.77738860246353,799.6093749999997,400.7812499999999,0.4510915670818089,0.0125246189341076,693.8663380322369,1.6545918276902138,800.1953125,400.2197265625,1.56884922535285,0.1546513365499137,690.83251953125,689.7750731214499,6.075614793177981,0.0856203390787251
FRB20190417C,320.286688034704,799.6093749999992,400.7812499999988,0.8511941416810225,0.0068993073997979,643.5694803978812,0.0700728225824621,800.1953125,400.2197265625,-1.625766148582429,0.1597235383064068,597.08251953125,586.6647234497285,3.9962231010268585,0.0431446304627076
FRB20190418A,184.470003942916,799.609375,400.78124999999966,-0.4670852369525584,0.0180170984193121,400.9765624999997,13.78950293107443,800.1953125,400.2197265625,-3.0171809752867342,0.2343228905926775,415.83251953125,415.83251953125,,0.0759424953537623
FRB20190419B,165.15350897060915,799.609375,400.78125000000006,-0.3396096749452055,0.0163991832963123,518.9410726056042,2.366454457506231,800.1953125,400.2197265625,-2.1477025591724064,0.2056967292095517,515.83251953125,487.92497108998685,9.193130294720936,0.0493962366734174
FRB20190420B,847.2426172691306,514.84375,400.78125,0.3328446268040018,0.039900012928259,494.2313178545828,10.09356765349375,800.1953125,400.2197265625,-0.0972604647102505,0.1611266321438214,603.33251953125,575.0365876429768,6.584347984084316,0.0612594337643748
FRB20190423A,242.82842198822195,694.5312500000002,400.7812499999998,-2.586197695681244,0.0067905422819717,454.7187211177445,0.1149309107103466,800.1953125,400.2197265625,-3.447023694598258,0.0575816488725149,515.83251953125,475.8795208970429,1.8904107143492428,0.0754442500020518
FRB20190423D,496.7784005561728,799.6093749999999,400.78124999999966,0.1150258580676639,0.0072525698395008,648.5530391346975,3.699014716508487,800.1953125,400.2197265625,-0.2396651632282831,0.2263300060126777,603.33251953125,619.4253949104201,8.28160435269596,0.1607327239567699
FRB20190425A,128.15818330425293,799.6093749999999,400.78125000000057,0.6869468730369328,0.0142604411911958,641.3294696772033,0.4116730290109723,800.1953125,400.2197265625,0.0743978321919693,0.0478798212969243,597.08251953125,620.4992613893429,7.148698342545003,0.1245948079452743
FRB20190425B,1031.64240024674,658.5937500000003,400.7812499999996,-0.2981911451443934,0.0263165497463418,420.125993987737,10799.57443500701,800.1953125,400.2197265625,-2.887893108335769,0.378292111097377,484.58251953125,501.62121714511017,2.094973585333323,1.5572966808196451
FRB20190427A,455.8676656998609,799.6093749999999,400.7812499999998,0.2572951335949272,0.0189649468863336,790.2343749999965,64.63317045433067,800.1953125,400.2197265625,0.9609717324877712,0.226259859332204,790.83251953125,790.83251953125,,0.0963612073947572
FRB20190430C,400.3929607064428,799.6093750000005,400.7812499999994,0.6119081229515075,0.0141427802355339,668.6240774373056,0.9358365765869134,800.1953125,400.2197265625,0.8084928672026136,0.3800875732971069,672.08251953125,660.8004369861011,4.562945297512028,0.1730727267383266
FRB20190501B,783.9254650708904,799.6093749999994,400.7812500000001,-0.2008381141211328,0.0092063717805764,450.6933070374876,2.417638231674052,800.1953125,400.2197265625,-1.4456896807318056,0.1472530147420984,428.33251953125,441.4584711441146,37.05835246398887,0.1729831722987722
FRB20190502A,625.9453680778419,799.6093750000001,400.78125,-0.0658552747171811,0.0084473703398802,440.2349142034065,2.3151761113029377,800.1953125,400.2197265625,-0.5716030236280957,0.0679997883683442,409.58251953125,409.58251953125,,0.0718979719522429
FRB20190502B,918.6171458812338,462.1093750000003,400.7812500000003,0.8149948021840153,0.1091034744579796,442.4388149850986,154709.06809368212,800.1953125,400.2197265625,-0.1984586660098221,0.0928677109767241,603.33251953125,573.0190502439023,10.324174398364908,0.0301723303126933
FRB20190502C,396.8916723824018,799.6093749999997,400.7812499999997,-0.3569172498894259,0.0124523810594449,500.29158373385087,1.918073998174356,800.1953125,400.2197265625,-2.026696830528154,0.3166865401227666,559.58251953125,508.84892344590577,7.968771971111352,0.1572482429560038
FRB20190518C,443.9988799892985,799.6093750000001,400.7812500000003,-0.1571100067257435,0.0172344660932212,544.610253045903,2.285359494768646,800.1953125,400.2197265625,-1.9776164374162448,0.163198038579708,515.83251953125,524.7335281229462,4.508820985412975,0.1478797637108592
FRB20190519E,693.7580568735414,586.3281249999998,400.7812499999998,0.1193926782297657,0.0581056852033395,732.8084619562674,0.0,800.1953125,400.2197265625,4.1324237205192285,0.3161818959803023,784.58251953125,750.7855493736415,3.909057769824488,0.9889285511523144
FRB20190519G,430.0,799.6093749999998,400.78124999999966,0.0523418073195471,0.0078900135275599,642.1730375075323,5.725133680205056,800.1953125,400.2197265625,-0.0178012393853264,0.1280064895968434,653.33251953125,593.2063800164303,9.233526827150726,0.0822979522945542
FRB20190519H,1170.88127086925,507.4218750000003,400.7812500000001,-1.1952456889333227,0.0626040045750542,452.2574643766496,0.3052844552186886,800.1953125,400.2197265625,-3.0032477608911243,0.143451276472597,428.33251953125,467.9687375032911,5.306964059904685,0.1737818433438642
FRB20190604G,233.1768775704981,799.6093749999992,400.7812500000004,0.1265323891718226,0.0087861588812069,710.1110671237644,1.9736362487622487,800.1953125,400.2197265625,-0.5463400274715897,0.1584669194448973,597.08251953125,597.08251953125,,0.0587489430059502
FRB20190605C,187.73253556439897,799.609375000001,400.7812499999994,-2.189357426620198,0.0227304922046176,446.618759185492,1.959146017470896,800.1953125,400.2197265625,-3.8131712706004666,0.2678504854228253,428.33251953125,451.5093056646991,1.1209757360875658,1.6640627798320748
FRB20190606A,552.6851767078914,799.6093749999999,400.7812500000003,-0.0053872703064613,0.014078126272619,573.8940317598621,2.2127957780076617,800.1953125,400.2197265625,0.3700735651149225,0.3417098355161919,590.83251953125,569.9128077635373,3.190305129843902,60.78728497711845
FRB20190606B,277.8092116370026,799.6093749999995,400.7812499999996,0.0815542131404322,0.0070355969091182,632.2279763671631,4.006424229633568,800.1953125,400.2197265625,0.0107584673559212,0.1676792153141054,590.83251953125,603.3964411553541,5.346898501108741,23.80079459929057
FRB20190607B,289.3894221923192,799.6093750000002,400.7812499999992,0.257006005128147,0.0192048734045608,705.3140667295619,6.361885340548507,800.1953125,400.2197265625,1.2084527041301214,0.3050152424353652,590.83251953125,699.5733888415606,16.46928116624947,0.0516920243544179
FRB20190608A,722.2232328663999,799.6093750000003,400.78125000000017,0.031554834384961,0.0241348107817515,607.2394872448158,7.236526298493795,800.1953125,400.2197265625,0.3930263333389068,0.3521333233124522,597.08251953125,571.6377340627494,14.527118631933662,0.0758964868640871
FRB20190609A,316.80056175062373,799.609375,400.7812500000007,0.2581031583257304,0.0230263226027293,596.1189703732382,1.805981388364982,800.1953125,400.2197265625,-0.266569778993344,0.3049083998021516,559.58251953125,591.7704555848757,37.89254179738269,1.2891366236967592
FRB20190609B,292.1435906087721,799.6093750000003,400.7812499999997,-0.8155264826706448,0.0168720389433776,477.3246968134587,3.76655914596032,800.1953125,400.2197265625,-1.679723904491533,0.1047084708258046,459.58251953125,514.8449560167114,9.554953638546523,0.1623145227143799
FRB20190609C,480.0659577963805,799.609375,400.7812500000007,-0.4621878670337944,0.0224591133688959,430.6793081327997,4.793804941579921,800.1953125,400.2197265625,-1.0491993848507413,0.2023713123693429,459.58251953125,453.36925012512535,183.99040462391497,0.0914198572969789
FRB20190609D,511.7025402093671,799.609375,400.7812500000007,-0.3356381921600745,0.016274495737781,412.77343278028377,20.861286628944,800.1953125,400.2197265625,-2.1555581462146667,0.2414948145502545,434.58251953125,414.72790230584377,14.849377952028586,1.6066310330289606
FRB20190611A,190.60174257674888,799.609375,400.7812500000007,0.1865092751128166,0.0108884793251431,680.9520863335819,1.9350311255452155,800.1953125,400.2197265625,1.4889688447157892,0.2927585724797824,672.08251953125,680.4848892638223,2.736532354334883,1.2390033838565349
FRB20190612B,187.47086240752392,799.609375,400.7812500000007,-1.1018236030827997,0.0427266157977376,513.4302080798753,1.1490381157383494,800.1953125,400.2197265625,-4.653968307413963,0.4572033654794576,522.08251953125,517.6658994196063,9.318601077970424,0.2134056623086985
FRB20190613A,714.7870632589015,799.609375,400.78124999999983,-0.0169846906472105,0.0088207992339806,610.5460305728179,4.221289159325447,800.1953125,400.2197265625,-0.4283398483801481,0.2113526747371245,559.58251953125,600.8384775053994,15.41005102992743,0.1002549996494116
FRB20190613B,285.1125741184001,799.6093749999994,400.7812499999995,-1.2764747293772771,0.0270633345365378,495.4240540087208,1.7009664025928168,800.1953125,400.2197265625,-1.1533391793276615,0.1252767754948681,478.33251953125,468.1387397286938,54.05256424669338,0.0275166239298099
FRB20190614A,1063.967283049241,799.609375,400.7812499999999,-0.294579600454435,0.0126646430130867,447.5234052389965,12.752345844897922,800.1953125,400.2197265625,-2.0926800674879726,0.2954658697746776,422.08251953125,422.08251953125,,1.694643312278044
FRB20190614C,589.1763315321551,799.6093750000003,400.7812499999998,-0.0760766886420845,0.009931544922673,414.717497935353,7.51539441893095,800.1953125,400.2197265625,-1.122174855292721,0.1962723362215419,422.08251953125,425.5169192559969,11.948393792789243,0.0909192745062383
FRB20190616A,212.5197202120513,799.6093750000003,400.7812499999992,-0.5173201931420133,0.0171901395094783,400.9765624999992,18.67841464939292,800.1953125,400.2197265625,-1.7411752220673693,0.3645354880437168,484.58251953125,457.0144717008335,38.87717949247572,0.1376825701909394
FRB20190617A,195.8985332438134,799.6093750000001,400.78125,-1.070276715498806,0.0182946082360057,500.253742153048,5.902942486149079,800.1953125,400.2197265625,-1.8415849728399336,0.087077269504705,422.08251953125,454.7822299078104,34.12250024907007,0.1321812160841894
FRB20190617B,272.91900628871923,799.6093749999994,400.7812499999992,-0.4207600699033658,0.010702806843972,505.2086727077427,1.371768182347508,800.1953125,400.2197265625,-1.7239487886308067,0.182736341526173,422.08251953125,422.08251953125,,1.533563350395197
FRB20190617C,639.2701476547661,799.609375,400.7812500000002,0.100482604474959,0.0072910782894265,674.1332004612192,5.010355769500068,800.1953125,400.2197265625,0.8811231225062776,0.2258419857816962,672.08251953125,710.9275829443861,9.843250797304515,0.110252552366629
FRB20190618A,228.9266845826394,799.6093750000002,400.78125,-2.181047392695101,0.0237373732499278,436.101213921877,2.7583052590807133,800.1953125,400.2197265625,-3.863481744611256,0.265958473026166,422.08251953125,435.9508159266954,5.772034504675127,1.6890766494535638
FRB20190619A,899.8533889577985,799.6093749999997,400.7812499999992,-0.0998097837222566,0.0183704504532043,554.0259619921172,8.929359935399713,800.1953125,400.2197265625,-0.4186172509842899,0.2712872212182238,559.58251953125,590.045057356548,16.19258263664526,0.0657226408230766
FRB20190619B,270.528487685705,799.6093749999997,401.1718750000002,-0.4901371190977033,0.0193485764246958,400.97656250000085,28.169649707282844,800.1953125,400.2197265625,-2.0425683796197167,0.2915700031218872,422.08251953125,422.08251953125,,0.1560689773998328
FRB20190619C,488.0762075422906,799.6093750000005,400.7812500000003,0.5761057198463453,0.0238085146258561,701.8180599676539,2.5713981498259915,800.1953125,400.2197265625,1.7926384020045585,0.3970466952813224,722.08251953125,712.9516407048836,5.523946464369068,0.8961809147254509
FRB20190619D,379.1235894342576,799.2187499999998,400.7812499999995,0.0363969518368071,0.010119196078924,707.8395019577432,43.995180529079725,800.1953125,400.2197265625,-0.3971709088036221,0.1175354938527116,447.08251953125,439.011647976332,9.96435341563624,0.1791414276228996
FRB20190621B,1061.3123327918747,799.6093750000005,400.7812500000003,-0.1338087535478524,0.0137613261762446,469.959518985052,6.056255497370475,800.1953125,400.2197265625,-0.5247236442071124,0.3016802994877659,615.83251953125,428.3106337775349,4.0994849922378105,0.1552053200247695
FRB20190621C,570.3737735265242,799.6093749999993,400.78125000000034,-1.0496947918195656,0.0216567237167794,467.18029053039226,1.0972751596316563,800.1953125,400.2197265625,-3.895236826680482,0.5487743796996302,478.33251953125,495.13155869293513,3.5457769418811926,1.7374112208075077
FRB20190621D,647.5144225732605,799.6093750000002,400.7812499999994,-0.108841996800636,0.0094882340396721,534.4271876197453,3.886854114979055,800.1953125,400.2197265625,-1.775456420381385,0.2772634037992736,459.58251953125,478.13576868129365,7.124082929070811,3.0304640386167603
FRB20190622A,1122.7965597617238,799.609375,400.7812499999996,-0.4291309289917994,0.026929807568857,432.72118054548815,12.849684317294429,800.1953125,400.2197265625,-2.332149577634288,0.4032200917357722,484.58251953125,460.9319147346866,13.095478984672468,0.0590251997584345
FRB20190623A,1082.195458569754,796.4843750000001,400.7812499999997,-0.1169807433373385,0.027201822278727,478.1012068068974,11.288947069484832,800.1953125,400.2197265625,-1.1287476518794315,0.3356052102012235,490.83251953125,497.91037029394096,11.423195842164525,0.0360113422948977
FRB20190623C,1049.863504999577,767.1874999999993,400.78125000000017,0.1661032613899179,0.0167020430806028,725.3822692985693,92.49397513952754,800.1953125,400.2197265625,0.8015541641494024,0.4019771243305674,715.83251953125,745.5265642916071,83.54511314397108,0.0205837901533743
FRB20190624A,973.9896084434858,799.6093750000002,400.7812499999996,-0.0596596060026899,0.0098378910562367,433.0540588525512,6.829000067898027,800.1953125,400.2197265625,-1.045856725643437,0.1687342238680581,415.83251953125,415.83251953125,,0.0409565848291418
FRB20190624B,213.9542982243087,799.6093749999997,400.7812499999998,-3.730878844179442,0.0515118067679547,585.1929876075804,3.475948574074029,800.1953125,400.2197265625,-1.2446778976954969,0.2225611031792602,609.58251953125,611.1658586984051,5.618292839823454,0.4792974759826173
FRB20190625E,189.16346260304317,799.6093749999998,400.78125000000017,-0.0786866202328204,0.0073671798720372,434.5483437527423,1.1136658844984468,800.1953125,400.2197265625,-2.165764563025649,0.1473694692655343,434.58251953125,433.0143191368371,1.2059812159048622,1.8196410153056053
FRB20190627A,404.4493025354709,480.859375,400.78124999999983,0.8894823760933243,0.1669068809902505,457.3700651214489,20.94010727125882,800.1953125,400.2197265625,-1.6765299696125395,0.4192148585471976,540.83251953125,488.785495598097,11.483021450124324,0.2353605221320255
FRB20190627C,968.6000026380764,799.6093750000006,400.7812500000001,-0.2981127701162769,0.0119782548689152,400.9765625029354,51.16863958721184,800.1953125,400.2197265625,-1.1020891364351637,0.1069672417626052,478.33251953125,463.9952535393117,40.254678813301005,0.0488906206619312
FRB20190627D,2002.374027872208,485.1562500000003,400.7812500000003,0.0819920599997132,0.0540418297160408,656.4168752784987,21266.00084184798,800.1953125,400.2197265625,-0.2874412982172878,0.2330700663552803,490.83251953125,535.0111947962428,15.86134632475098,0.0663564251759284
FRB20190628A,745.8322103737332,799.6093750000005,400.7812499999999,0.0289519183376829,0.0200016683868582,613.0143942332382,12.660044790935297,800.1953125,400.2197265625,0.8485664440010214,0.3379529901757714,797.08251953125,785.1435610728054,2.3242580409368228,0.0918340090231989
FRB20190628B,408.0417560915171,799.6093750000001,400.7812499999993,-0.1469491266996496,0.0141026709371497,452.27086263929294,5.591113398473005,800.1953125,400.2197265625,-1.414029008132141,0.2238407804967441,422.08251953125,431.01955001427007,15.419524999897034,0.2002425021619767
FRB20190628C,1748.4825507169214,532.0312499999999,400.78125,0.0665180138619949,0.0312426402102748,502.5071959026218,125345.50449829886,800.1953125,400.2197265625,-0.6294015036981286,0.2210983334730411,459.58251953125,469.2815478397808,4.996867811960958,0.0439674093481375
FRB20190629A,503.63547192430497,799.6093750000001,400.78125,0.0907709418589039,0.0269333112402908,599.7251742421794,9.80780561616346,800.1953125,400.2197265625,-0.8324502214949613,0.3611940836811792,647.08251953125,572.7830100976898,6.889987006616543,1.367712613592713
FRB20190630B,652.7824732921529,799.2187500000007,400.7812500000003,0.4139082315020388,0.0065771016259036,697.2161404587799,1.124928164666073,800.1953125,400.2197265625,0.9384897034712144,0.0786522979940844,653.33251953125,651.6064232522774,7.940294428581416,0.0842404659799137
FRB20190630C,1660.2994754949232,539.8437500000005,400.7812500000006,-0.071178632462967,0.0697803803830018,472.251597762274,2.741861102130825,800.1953125,400.2197265625,-1.274160101521581,0.2668475137954924,428.33251953125,454.2944846601746,13.775424911016747,0.0925528285786883
FRB20190630D,323.5198835617033,799.6093749999997,400.7812499999996,-0.4960236441352416,0.0171711311379983,400.97656249999966,21.37905986678484,800.1953125,400.2197265625,-2.366365578427755,0.3697037793504236,428.33251953125,433.956264095832,29.40550611598565,0.0878566435439532
FRB20190701A,637.1590631706591,799.6093749999997,400.7812499999996,0.3679861936010317,0.0265312926625684,697.5109411392325,4.942095704739022,800.1953125,400.2197265625,0.2625366698338514,0.2269857009728405,722.08251953125,735.4107714504701,12.169622154001418,0.0929801149683126
FRB20190701B,749.1271351130522,799.6093750000002,400.7812499999992,-0.2496144166260742,0.0248323065150101,538.3354747585583,5.615131238443738,800.1953125,400.2197265625,-1.035139048371606,0.2850252602065322,528.33251953125,496.6244674384972,7.87992233029753,0.0970887785074189
FRB20190701C,973.8958799413008,799.6093750000003,400.7812499999997,-0.2069762196766656,0.0133289950538976,433.7584651839184,7.629802838236066,800.1953125,400.2197265625,-1.9123322412464367,0.2925726435107501,440.83251953125,427.9036641653954,2.6549672198200334,1.75067322404185
FRB20190701D,933.5888816037616,799.6093749999997,400.7812499999996,-0.3507792540249848,0.0094552484929866,507.4168054183096,1.8598400313888288,800.1953125,400.2197265625,-1.672138538614614,0.1478177209403334,478.33251953125,499.77328018216974,3.795508886871448,0.1134741201036935
