frb_name,dm,freq_top,freq_low,alpha,alpha_err,peak_freq,peak_freq_gauss,peak_freq_gauss_err
FRB20181209A,328.6557431856,800.1953125,400.2197265625,-4.3399039856284025,0.25518444688091424,428.33251953125,424.01068807711,5.0481778750364095
FRB20181213A,678.6715757653,800.1953125,400.2197265625,-0.9536202766209361,0.1640493937546363,434.58251953125,434.58251953125,nan
FRB20181214C,632.7848947578,800.1953125,400.2197265625,-0.4430382907121359,0.12029192730037185,459.58251953125,527.3422496513182,27.93027610870923
FRB20181215B,494.01417752561053,800.1953125,400.2197265625,0.5870282088297487,0.1277082357322446,640.83251953125,578.9646906301261,2.5064922251722455
FRB20181219C,647.8913423126,800.1953125,400.2197265625,-1.7304370896673016,0.1848089900000007,472.08251953125,472.08251953125,nan
FRB20181220A,209.4017250094805,800.1953125,400.2197265625,-3.634056383704434,0.1783032554158451,422.08251953125,434.21804959639513,2.714089953996501
FRB20181221A,316.23689373333997,800.1953125,400.2197265625,-1.6050106362341574,0.20397812531965534,515.83251953125,516.3422557683917,1.1905010016242592
FRB20181221B,1395.020983181,800.1953125,400.2197265625,-1.066482202759559,0.21880041814263065,478.33251953125,494.2506503128087,1.8396918446694928
FRB20181222E,327.97970975399255,800.1953125,400.2197265625,-2.1504242958252875,0.21448936167363467,465.83251953125,471.6978245086463,7.163759934810806
FRB20181223C,112.5118108137,800.1953125,400.2197265625,-0.7810492452265771,0.16991079743088383,509.58251953125,518.6324987343912,10.844306015720953
FRB20181224E,581.8537317793388,800.1953125,400.2197265625,-2.0885726490227303,0.16260265146089375,453.33251953125,464.8875440516662,9.793035469986297
FRB20181225A,349.6194213989,800.1953125,400.2197265625,-2.790645105315837,0.17695044139806332,447.08251953125,449.8261158197426,1.7084663427165017
FRB20181226A,349.0106635004,800.1953125,400.2197265625,-1.300815465164695,0.19936366349333942,547.08251953125,542.6250047635705,1.758101231332837
FRB20181226D,385.3778197895,800.1953125,400.2197265625,-0.9200907322054521,0.1610334182014891,565.83251953125,450.8316684089732,66.95354921431827
FRB20181226E,308.76191460368796,800.1953125,400.2197265625,-3.078375454326535,0.2602840208496504,434.58251953125,450.163665453238,3.95409797186797
FRB20181228B,568.6505699684033,800.1953125,400.2197265625,-3.2288710190130314,0.17756559216989948,434.58251953125,438.02836166622984,1.2784913215134655
FRB20181229A,955.5735068698523,800.1953125,400.2197265625,0.5773998229552336,0.16762769367451139,622.08251953125,626.5931766417476,10.693912741763532
FRB20181231A,1376.73240834563,800.1953125,400.2197265625,1.656153256061904,0.18608385720223491,665.83251953125,676.5244289029683,7.905402645881826
FRB20181231B,197.16974722427003,800.1953125,400.2197265625,2.3409117521814573,0.24420380652849547,697.08251953125,676.9609013508239,3.524657606077504
FRB20181231C,556.0860040785,800.1953125,400.2197265625,-1.7461011948433778,0.18140431813689717,459.58251953125,438.91380056936055,19.750428903599154
FRB20190102A,699.172721124,800.1953125,400.2197265625,-1.452199899971069,0.2274152475225034,515.83251953125,504.3657723380159,1.9672132448191046
FRB20190102B,367.1641940551319,800.1953125,400.2197265625,-1.18464338132621,0.15085321581730732,409.58251953125,439.61521712001354,46.957054255317225
FRB20190103C,1349.1326967846655,800.1953125,400.2197265625,-0.7160350780773371,0.13438898413445996,509.58251953125,541.5603512755362,5.164083700636091
FRB20190106B,316.5941307623358,800.1953125,400.2197265625,-3.6077779770503944,0.15509367382084566,434.58251953125,454.69925840102053,1.7991010419118494
FRB20190110A,472.7526178726,800.1953125,400.2197265625,-5.4092213759210725,0.1724133798829744,422.08251953125,405.37687751408845,6.710789199295387
FRB20190110C,221.96139423868266,800.1953125,400.2197265625,-3.667328052997763,0.25931264129290715,422.08251953125,429.83684694388376,1.8203872428962358
FRB20190111B,1336.9270550046,800.1953125,400.2197265625,-2.2130305284942278,0.1580306176330786,478.33251953125,445.43173295305104,9.986908060811302
FRB20190115B,748.2930563790552,800.1953125,400.2197265625,-1.0516847253588049,0.16372026917832777,472.08251953125,477.26558511694486,24.68610134054469
FRB20190116A,445.4830513238792,800.1953125,400.2197265625,1.1043930482341573,0.17362181316954395,659.58251953125,666.1197867271012,5.431375689600186
FRB20190117A,393.36018761189956,800.1953125,400.2197265625,-0.8329793060258232,0.19430930797566281,509.58251953125,510.339703368446,1.1892110022997437
FRB20190118A,225.10794572,800.1953125,400.2197265625,-0.49351309164064633,0.09259836439850767,478.33251953125,482.3895423933084,1.3422218374182933
FRB20190121A,425.35344339962387,800.1953125,400.2197265625,0.6062668026281662,0.10980865750650977,640.83251953125,601.1311084383767,9.358529234892627
FRB20190122C,689.9020448177902,800.1953125,400.2197265625,-1.390988241644736,0.05557797668573884,509.58251953125,503.53131574956535,5.061839912638706
FRB20190124B,441.38375943143933,800.1953125,400.2197265625,-0.24912096784092078,0.11805329300436926,559.58251953125,568.6786550659937,7.953416203845067
FRB20190124F,254.7903315040737,800.1953125,400.2197265625,-3.2943075757697193,0.16471105532414987,428.33251953125,445.43879371537145,9.586354550665853
FRB20190130B,989.0306553865701,800.1953125,400.2197265625,-3.21030199713874,0.22964995707357427,490.83251953125,491.7653761588373,0.9946411833036491
FRB20190131E,279.8005956725,800.1953125,400.2197265625,-3.2417764387194614,0.3230734296065191,472.08251953125,489.8122017260057,2.7789710565249908
FRB20190201B,749.1763953927,800.1953125,400.2197265625,-1.9542729369649572,0.18392800512216725,428.33251953125,436.4755787042574,23.55462299105798
FRB20190202B,464.9059653318,800.1953125,400.2197265625,0.0982725006980753,0.15193069191440284,609.58251953125,619.4679555222608,1.893119578203754
FRB20190203A,420.5727309809,800.1953125,400.2197265625,-1.8483992629209343,0.20691210916168706,484.58251953125,480.0275740312201,1.6993925260685765
FRB20190204B,1464.9393247357,800.1953125,400.2197265625,0.4650722513902014,0.14914695596952252,622.08251953125,612.8027519467864,6.257457411363937
FRB20190206A,188.3364134942,800.1953125,400.2197265625,-1.8589677421119815,0.20765386001079728,540.83251953125,549.2623978600653,1.946112333494912
FRB20190208C,238.3921209984,800.1953125,400.2197265625,-2.2660969036832532,0.3004500195450265,478.33251953125,481.348875224265,2.8856827156676177
FRB20190210B,624.1878910692,800.1953125,400.2197265625,-2.8421506357470356,0.10481408755306688,409.58251953125,409.58251953125,nan
FRB20190212B,600.186644021,800.1953125,400.2197265625,-1.6933083260488584,0.1325359262238712,472.08251953125,460.64004111964255,8.62190469715288
FRB20190212C,1016.4498420731,800.1953125,400.2197265625,0.045692395666346086,0.10552707743316309,603.33251953125,588.636115096461,8.244928707494694
FRB20190213D,1346.8476138908215,800.1953125,400.2197265625,2.454923742583627,0.40437762894153967,684.58251953125,678.1499919677372,2.621977585533782
FRB20190214C,533.1117598944,800.1953125,400.2197265625,-1.4906949828829943,0.17481259204466304,453.33251953125,481.49106472929947,6.313571884257004
FRB20190217A,798.1091949460954,800.1953125,400.2197265625,0.09946442395220098,0.16883427295324635,590.83251953125,599.4691685254934,14.370989879995125
FRB20190224C,497.4,800.1953125,400.2197265625,2.227470056521718,0.1948047940325458,715.83251953125,713.0608759952426,3.8957840918834257
FRB20190224D,752.9522442117,800.1953125,400.2197265625,-0.4831514880074183,0.1541347570552344,540.83251953125,547.3090894054692,4.043385383347374
FRB20190226A,601.5726623816,800.1953125,400.2197265625,-0.20752518414652846,0.15574122264137436,559.58251953125,547.2875915778833,16.002444964501766
FRB20190227A,394.03882228651656,800.1953125,400.2197265625,0.37822162258227615,0.04290715451320588,709.58251953125,691.6996593418387,8.725826181788916
FRB20190301A,459.56126113606524,800.1953125,400.2197265625,1.8741719715722132,0.2463354497784175,597.08251953125,599.6461414725603,1.1253887315114421
FRB20190303B,193.5069803062239,800.1953125,400.2197265625,-0.8984450630984635,0.027539699721588966,522.08251953125,498.8660666110545,19.23454510109402
FRB20190304A,483.7271162306,800.1953125,400.2197265625,-3.77677255925495,0.18914777980094943,434.58251953125,426.5449818320368,3.5368338023027013
FRB20190304B,470.0052983,800.1953125,400.2197265625,-2.086456112501929,0.18713703623181616,428.33251953125,441.4856807153329,20.92570066836632
FRB20190320A,614.1463462074,800.1953125,400.2197265625,0.23732032753148205,0.24239376278990302,522.08251953125,627.589306877752,25.851683581535898
FRB20190320B,489.494877447,800.1953125,400.2197265625,-1.6153554868695594,0.19994892511249396,422.08251953125,422.08251953125,nan
FRB20190320E,299.13504211161643,800.1953125,400.2197265625,0.23021332549080678,0.14864747468079412,603.33251953125,588.347707332027,4.816640673197471
FRB20190322A,1060.1183103697465,800.1953125,400.2197265625,0.4371357147339022,0.11590619574401839,709.58251953125,635.199150363849,24.89384498326277
FRB20190323B,789.563108113,800.1953125,400.2197265625,1.0822914096549496,0.09151318475506895,628.33251953125,638.3978033407204,7.766609753045509
FRB20190327A,346.574784134066,800.1953125,400.2197265625,-0.7209764945573699,0.16587692335744925,484.58251953125,529.2834537411242,17.53645626931182
FRB20190405B,1113.218013942544,800.1953125,400.2197265625,1.0843433363769994,0.3415018890050599,678.33251953125,674.5224387588325,5.924558052877864
FRB20190410B,642.1698665318,800.1953125,400.2197265625,-3.3029003319241155,0.28701734243828,428.33251953125,456.71665618985475,1.830928372154632
FRB20190411B,1229.5807579120412,800.1953125,400.2197265625,-0.11228260292277029,0.1863166312980101,659.58251953125,550.2064465719725,93.38086215961337
FRB20190411C,233.66,800.1953125,400.2197265625,1.0571904284189146,0.15825499380189992,665.83251953125,649.2295589354459,4.067617230839733
FRB20190412A,364.7328600121,800.1953125,400.2197265625,1.56884922535285,0.15465133654991375,690.83251953125,689.7750731214499,6.075614793177981
FRB20190417C,320.2318758394,800.1953125,400.2197265625,-1.625766148582429,0.15972353830640681,597.08251953125,586.6647234497285,3.9962231010268585
FRB20190418A,184.50690873748073,800.1953125,400.2197265625,-3.0171809752867342,0.23432289059267752,415.83251953125,415.83251953125,nan
FRB20190419B,165.0752323997,800.1953125,400.2197265625,-2.1477025591724064,0.20569672920955176,515.83251953125,487.92497108998685,9.193130294720936
FRB20190420B,846.8431951930273,800.1953125,400.2197265625,-0.09726046471025053,0.16112663214382145,603.33251953125,575.0365876429768,6.584347984084316
FRB20190423A,242.64562095495057,800.1953125,400.2197265625,-3.4470236945982586,0.05758164887251499,515.83251953125,475.87952089704294,1.8904107143492428
FRB20190423D,496.454918309,800.1953125,400.2197265625,-0.23966516322828318,0.22633000601267775,603.33251953125,619.4253949104201,8.28160435269596
FRB20190425A,128.15773569,800.1953125,400.2197265625,0.07439783219196938,0.04787982129692437,597.08251953125,620.4992613893429,7.148698342545003
FRB20190425B,1031.7236312874702,800.1953125,400.2197265625,-2.887893108335769,0.378292111097377,484.58251953125,501.62121714511017,2.094973585333323
FRB20190427A,455.78279310289605,800.1953125,400.2197265625,0.9609717324877713,0.22625985933220405,790.83251953125,790.83251953125,nan
FRB20190430C,400.5606188554594,800.1953125,400.2197265625,0.8084928672026136,0.3800875732971069,672.08251953125,660.8004369861011,4.562945297512028
FRB20190501B,784.0684257705,800.1953125,400.2197265625,-1.4456896807318056,0.14725301474209845,428.33251953125,441.4584711441146,37.05835246398887
FRB20190502A,625.7691380634102,800.1953125,400.2197265625,-0.5716030236280957,0.06799978836834428,409.58251953125,409.58251953125,nan
FRB20190502B,918.6142940980567,800.1953125,400.2197265625,-0.19845866600982212,0.09286771097672417,603.33251953125,573.0190502439023,10.324174398364907
FRB20190502C,396.83496741125884,800.1953125,400.2197265625,-2.026696830528154,0.3166865401227666,559.58251953125,508.84892344590577,7.9687719711113525
FRB20190517C,335.5746146295,800.1953125,400.2197265625,-3.59246836293349,0.18317570793805377,434.58251953125,431.0452897453934,5.882104273859854
FRB20190518C,444.0795248527,800.1953125,400.2197265625,-1.9776164374162446,0.16319803857970808,515.83251953125,524.7335281229462,4.508820985412975
FRB20190519E,693.8296943994,800.1953125,400.2197265625,4.1324237205192285,0.3161818959803023,784.58251953125,750.7855493736415,3.909057769824488
FRB20190519G,430.09420872648934,800.1953125,400.2197265625,-0.017801239385326406,0.12800648959684344,653.33251953125,593.2063800164303,9.233526827150726
FRB20190519H,1170.872868275334,800.1953125,400.2197265625,-3.0032477608911243,0.14345127647259706,428.33251953125,467.9687375032911,5.306964059904685
FRB20190604G,233.04528216864824,800.1953125,400.2197265625,-0.5463400274715897,0.15846691944489738,597.08251953125,597.08251953125,nan
FRB20190605A,349.816439156,800.1953125,400.2197265625,-3.368035708738389,0.29251503307469173,522.08251953125,510.2490214657332,1.072390461419945
FRB20190605B,348.7113055076425,800.1953125,400.2197265625,-2.5334309885395245,0.10368444570617741,447.08251953125,456.73721886590295,1.505736985156151
FRB20190605C,187.6421469447887,800.1953125,400.2197265625,-3.8131712706004666,0.2678504854228253,428.33251953125,451.5093056646991,1.1209757360875658
FRB20190606A,552.591762827861,800.1953125,400.2197265625,0.3700735651149225,0.3417098355161919,590.83251953125,569.9128077635373,3.190305129843902
FRB20190606B,277.485976337709,800.1953125,400.2197265625,0.01075846735592123,0.16767921531410546,590.83251953125,603.3964411553541,5.346898501108741
FRB20190607B,289.37600917023815,800.1953125,400.2197265625,1.2084527041301214,0.30501524243536526,590.83251953125,699.5733888415606,16.46928116624947
FRB20190608A,722.1755680560672,800.1953125,400.2197265625,0.3930263333389068,0.35213332331245223,597.08251953125,571.6377340627494,14.527118631933662
FRB20190609A,316.6434276497567,800.1953125,400.2197265625,-0.26656977899334405,0.3049083998021516,559.58251953125,591.7704555848757,37.89254179738269
FRB20190609B,292.1875220929334,800.1953125,400.2197265625,-1.679723904491533,0.10470847082580469,459.58251953125,514.8449560167114,9.554953638546525
FRB20190609C,480.2819384188,800.1953125,400.2197265625,-1.0491993848507413,0.20237131236934294,459.58251953125,453.36925012512535,183.99040462391497
FRB20190609D,511.7143621234,800.1953125,400.2197265625,-2.1555581462146667,0.2414948145502545,434.58251953125,414.72790230584377,14.849377952028586
FRB20190611A,190.44872449864877,800.1953125,400.2197265625,1.4889688447157892,0.2927585724797824,672.08251953125,680.4848892638223,2.736532354334883
FRB20190612A,432.2910939483829,800.1953125,400.2197265625,0.18422781145684272,0.13220613454341587,634.58251953125,618.7649266386992,16.96415915384561
FRB20190612B,187.59971113731635,800.1953125,400.2197265625,-4.653968307413963,0.4572033654794576,522.08251953125,517.6658994196063,9.318601077970424
FRB20190613A,714.9767306471,800.1953125,400.2197265625,-0.42833984838014816,0.21135267473712452,559.58251953125,600.8384775053994,15.41005102992743
FRB20190613B,285.1379134261579,800.1953125,400.2197265625,-1.1533391793276617,0.12527677549486813,478.33251953125,468.1387397286938,54.05256424669338
FRB20190614A,1064.0388974923,800.1953125,400.2197265625,-2.0926800674879726,0.2954658697746776,422.08251953125,422.08251953125,nan
FRB20190614C,589.1632724806,800.1953125,400.2197265625,-1.122174855292721,0.19627233622154194,422.08251953125,425.5169192559969,11.948393792789243
FRB20190616A,212.5866799509,800.1953125,400.2197265625,-1.7411752220673693,0.3645354880437168,484.58251953125,457.0144717008335,38.87717949247572
FRB20190617A,195.76926148761933,800.1953125,400.2197265625,-1.8415849728399338,0.08707726950470505,422.08251953125,454.7822299078104,34.12250024907007
FRB20190617B,273.5136559434472,800.1953125,400.2197265625,-1.7239487886308067,0.18273634152617307,422.08251953125,422.08251953125,nan
FRB20190617C,640.1558902995429,800.1953125,400.2197265625,0.8811231225062776,0.22584198578169623,672.08251953125,710.9275829443861,9.843250797304517
FRB20190618A,228.9468957511,800.1953125,400.2197265625,-3.8634817446112555,0.26595847302616604,422.08251953125,435.95081592669544,5.772034504675127
FRB20190619A,899.9116280216003,800.1953125,400.2197265625,-0.4186172509842899,0.27128722121822385,559.58251953125,590.045057356548,16.19258263664526
FRB20190619B,270.5867695084,800.1953125,400.2197265625,-2.0425683796197167,0.29157000312188724,422.08251953125,422.08251953125,nan
FRB20190619C,488.271229193968,800.1953125,400.2197265625,1.7926384020045583,0.3970466952813224,722.08251953125,712.9516407048836,5.523946464369068
FRB20190619D,378.4658594678,800.1953125,400.2197265625,-0.39717090880362216,0.11753549385271163,447.08251953125,439.01164797633203,9.964353415636241
FRB20190621A,197.3240935622451,800.1953125,400.2197265625,-0.802868374480246,0.1300681582943371,409.58251953125,409.58251953125,nan
FRB20190621B,1061.2339314631,800.1953125,400.2197265625,-0.5247236442071124,0.3016802994877659,615.83251953125,428.3106337775349,4.0994849922378105
FRB20190621C,570.267228372697,800.1953125,400.2197265625,-3.895236826680482,0.5487743796996302,478.33251953125,495.13155869293513,3.5457769418811926
FRB20190621D,647.5143520947,800.1953125,400.2197265625,-1.775456420381385,0.2772634037992736,459.58251953125,478.13576868129365,7.124082929070811
FRB20190622A,1122.8176075313,800.1953125,400.2197265625,-2.3321495776342878,0.4032200917357722,484.58251953125,460.9319147346866,13.095478984672468
FRB20190623A,1082.2008834529192,800.1953125,400.2197265625,-1.1287476518794315,0.3356052102012235,490.83251953125,497.91037029394096,11.423195842164523
FRB20190623C,1049.8259888415278,800.1953125,400.2197265625,0.8015541641494024,0.4019771243305674,715.83251953125,745.5265642916071,83.54511314397108
FRB20190624A,973.8472951195664,800.1953125,400.2197265625,-1.045856725643437,0.16873422386805817,415.83251953125,415.83251953125,nan
FRB20190624B,213.9221890674,800.1953125,400.2197265625,-1.2446778976954969,0.22256110317926026,609.58251953125,611.1658586984051,5.618292839823454
FRB20190625E,188.5334670938149,800.1953125,400.2197265625,-2.165764563025649,0.14736946926553438,434.58251953125,433.0143191368371,1.2059812159048622
FRB20190626A,192.4850366479207,800.1953125,400.2197265625,-1.3943226954539556,0.11971878129885573,422.08251953125,421.36146745341813,2.1531492455371235
FRB20190627A,404.22129326528335,800.1953125,400.2197265625,-1.6765299696125395,0.4192148585471976,540.83251953125,488.78549559809704,11.483021450124323
FRB20190627C,968.6127334039,800.1953125,400.2197265625,-1.1020891364351635,0.10696724176260525,478.33251953125,463.9952535393117,40.254678813301005
FRB20190627D,2002.241867296062,800.1953125,400.2197265625,-0.28744129821728787,0.2330700663552803,490.83251953125,535.0111947962428,15.86134632475098
FRB20190628A,745.8432128739539,800.1953125,400.2197265625,0.8485664440010214,0.3379529901757714,797.08251953125,785.1435610728054,2.3242580409368228
FRB20190628B,408.00944899637017,800.1953125,400.2197265625,-1.414029008132141,0.22384078049674416,422.08251953125,431.01955001427007,15.419524999897034
FRB20190628C,1748.441963273743,800.1953125,400.2197265625,-0.6294015036981286,0.22109833347304117,459.58251953125,469.28154783978084,4.996867811960958
FRB20190629A,503.7787152820508,800.1953125,400.2197265625,-0.8324502214949613,0.3611940836811792,647.08251953125,572.7830100976898,6.8899870066165425
FRB20190630B,652.1446193539783,800.1953125,400.2197265625,0.9384897034712143,0.0786522979940844,653.33251953125,651.6064232522774,7.940294428581416
FRB20190630C,1660.3474940587,800.1953125,400.2197265625,-1.2741601015215813,0.2668475137954924,428.33251953125,454.2944846601746,13.775424911016747
FRB20190630D,323.5174125232,800.1953125,400.2197265625,-2.366365578427755,0.3697037793504236,428.33251953125,433.95626409583195,29.405506115985652
FRB20190701A,637.0933750024,800.1953125,400.2197265625,0.2625366698338514,0.2269857009728405,722.08251953125,735.4107714504701,12.169622154001418
FRB20190701B,749.1142379675,800.1953125,400.2197265625,-1.035139048371606,0.28502526020653224,528.33251953125,496.62446743849716,7.87992233029753
FRB20190701C,974.1946683849735,800.1953125,400.2197265625,-1.9123322412464372,0.29257264351075013,440.83251953125,427.9036641653954,2.6549672198200334
FRB20190701D,933.3629373105,800.1953125,400.2197265625,-1.672138538614614,0.14781772094033344,478.33251953125,499.77328018216974,3.795508886871448
