alpha_intrinsic,L_STAR,ALPHA_SCH,n_ASKAP,n_PKS,n_FAST,ASKAP_PKS_ratio,PKS_FAST_ratio,ASKAP_FAST_ratio,plot_file
0.0,10000000000000.0,-1.2,701.7704780787084,4687.345920598682,9783.609366712057,0.1497159565277137,0.47910190860103213,0.0717292005204568,DM_dist_alpha0_Lstar1e+13_alphaSch-1.2.png
0.0,10000000000000.0,-1.5,14.593725044569604,108.24186733665687,306.35812644361596,0.1348251411736994,0.3533180875375877,0.04763616103147675,DM_dist_alpha0_Lstar1e+13_alphaSch-1.5.png
0.0,10000000000000.0,-1.8,0.23596740449236228,1.9582029344790932,7.927896746941752,0.12050201760888107,0.24700156888830388,0.029764187403599644,DM_dist_alpha0_Lstar1e+13_alphaSch-1.8.png
0.0,30000000000000.0,-1.2,2880.271414140099,13530.675991885279,15685.77065868454,0.21286973510174048,0.8626083019002909,0.1836232007220771,DM_dist_alpha0_Lstar3e+13_alphaSch-1.2.png
0.0,30000000000000.0,-1.5,44.15920839969679,239.31735147150448,415.84266370396807,0.18452154901503173,0.5754997559410373,0.1061921064240129,DM_dist_alpha0_Lstar3e+13_alphaSch-1.5.png
0.0,30000000000000.0,-1.8,0.5061635733158052,3.336110221101696,9.39003876136315,0.15172267694100733,0.35528183704934924,0.053904311385646025,DM_dist_alpha0_Lstar3e+13_alphaSch-1.8.png
0.0,50000000000000.0,-1.2,5432.543017735028,20897.170332893787,18785.216902765347,0.25996548485723825,1.1124263531829406,0.28919245627317247,DM_dist_alpha0_Lstar5e+13_alphaSch-1.2.png
0.0,50000000000000.0,-1.5,72.64697261049335,330.420769225979,460.45206299957965,0.21986200437905634,0.7176008009899624,0.15777315044966944,DM_dist_alpha0_Lstar5e+13_alphaSch-1.5.png
0.0,50000000000000.0,-1.8,0.7345894997282164,4.113883628899089,9.916230168728939,0.1785635098105094,0.4148636688438633,0.0740795128016251,DM_dist_alpha0_Lstar5e+13_alphaSch-1.8.png
0.0,80000000000000.0,-1.2,9598.76440727294,30037.31999750484,21719.112889031338,0.3195612793708059,1.382990187075016,0.44195011353896235,DM_dist_alpha0_Lstar8e+13_alphaSch-1.2.png
0.0,80000000000000.0,-1.5,112.94384924252188,430.6254395394158,498.97161350876434,0.2622786274849978,0.8630259274896647,0.22635325574595647,DM_dist_alpha0_Lstar8e+13_alphaSch-1.5.png
0.0,80000000000000.0,-1.8,1.0061228007958523,4.911306780046612,10.305218345845331,0.2048584716563569,0.47658444636708375,0.09763236129795178,DM_dist_alpha0_Lstar8e+13_alphaSch-1.8.png
0.0,100000000000000.0,-1.2,12574.131191386137,35475.05982081097,23186.19763016934,0.35444989395083953,1.5300076531156472,0.5423110503908141,DM_dist_alpha0_Lstar1e+14_alphaSch-1.2.png
0.0,100000000000000.0,-1.5,140.0817829709161,483.1773935575971,516.430875404293,0.28991791594284855,0.935609036116086,0.271249821888073,DM_dist_alpha0_Lstar1e+14_alphaSch-1.5.png
0.0,100000000000000.0,-1.8,1.162477889844436,5.2812913519862095,10.458417185189807,0.22011243318497217,0.5049799848742944,0.11115237318039138,DM_dist_alpha0_Lstar1e+14_alphaSch-1.8.png
-0.5,10000000000000.0,-1.2,651.2496682546231,3661.83197507801,7562.41979173764,0.177848047831509,0.4842143223890802,0.08611657196895486,DM_dist_alpha-0.5_Lstar1e+13_alphaSch-1.2.png
-0.5,10000000000000.0,-1.5,13.70584033919782,86.56103166143814,233.3418577750768,0.15833730347397884,0.3709622974926178,0.05873716987549303,DM_dist_alpha-0.5_Lstar1e+13_alphaSch-1.5.png
-0.5,10000000000000.0,-1.8,0.2248122514999357,1.626489760166209,6.106595128096214,0.13821928487085122,0.26634969668822334,0.03681466460181436,DM_dist_alpha-0.5_Lstar1e+13_alphaSch-1.8.png
-0.5,30000000000000.0,-1.2,2581.6099963231954,10111.166529334228,12457.502271527293,0.2553226661665103,0.8116527943522178,0.2072333554555065,DM_dist_alpha-0.5_Lstar3e+13_alphaSch-1.2.png
-0.5,30000000000000.0,-1.5,39.92745094501566,183.99126264668595,323.9977837108623,0.217007320731786,0.5678781519409434,0.1232337162548222,DM_dist_alpha-0.5_Lstar3e+13_alphaSch-1.5.png
-0.5,30000000000000.0,-1.8,0.46616503382663416,2.647488333229175,7.268545449728972,0.17607822024206873,0.3642390835332665,0.06413456957113978,DM_dist_alpha-0.5_Lstar3e+13_alphaSch-1.8.png
-0.5,50000000000000.0,-1.2,4750.673979230336,15501.167485054397,15127.471232304235,0.30647201146692626,1.0247031540838196,0.3140428367885719,DM_dist_alpha-0.5_Lstar5e+13_alphaSch-1.2.png
-0.5,50000000000000.0,-1.5,64.66927300408909,249.17977920860494,361.72384061708175,0.2595285749488932,0.6888674486689,0.17878078728171948,DM_dist_alpha-0.5_Lstar5e+13_alphaSch-1.5.png
-0.5,50000000000000.0,-1.8,0.6650770045954788,3.2298063701112567,7.701683394203898,0.2059185376405611,0.41936369035137583,0.08635475785670439,DM_dist_alpha-0.5_Lstar5e+13_alphaSch-1.8.png
-0.5,80000000000000.0,-1.2,8154.071853498669,22224.77592455233,17739.75761012755,0.3668910715311482,1.2528229761078753,0.45964956414306046,DM_dist_alpha-0.5_Lstar8e+13_alphaSch-1.2.png
-0.5,80000000000000.0,-1.5,98.31177430948345,324.15858299353135,395.0035686187161,0.30328295922815435,0.8206472263708355,0.24888831929612404,DM_dist_alpha-0.5_Lstar8e+13_alphaSch-1.5.png
-0.5,80000000000000.0,-1.8,0.894461321271078,3.8039081417409073,8.049175306645415,0.23514272373089334,0.47258358736458295,0.11112459192342462,DM_dist_alpha-0.5_Lstar8e+13_alphaSch-1.8.png
-0.5,100000000000000.0,-1.2,10621.138244752967,26118.033306826608,19008.733615734098,0.4066591890736606,1.374001752815765,0.5587504385858474,DM_dist_alpha-0.5_Lstar1e+14_alphaSch-1.2.png
-0.5,100000000000000.0,-1.5,120.12625569357336,362.476907445688,409.52874521370893,0.3314038859470587,0.8851073622598401,0.293328019333262,DM_dist_alpha-0.5_Lstar1e+14_alphaSch-1.5.png
-0.5,100000000000000.0,-1.8,1.0227706821265574,4.076846566778204,8.189883837825993,0.2508729885644971,0.49779052395698004,0.12488219642417445,DM_dist_alpha-0.5_Lstar1e+14_alphaSch-1.8.png
-1.5,10000000000000.0,-1.2,578.8540382349208,2475.190374815675,4638.349208795439,0.2338624309970612,0.5336360552849517,0.12479742515662096,DM_dist_alpha-1.5_Lstar1e+13_alphaSch-1.2.png
-1.5,10000000000000.0,-1.5,12.396575837976709,60.922222646751166,144.09440799513533,0.20348200212353526,0.4227938023022234,0.08603092937787857,DM_dist_alpha-1.5_Lstar1e+13_alphaSch-1.5.png
-1.5,10000000000000.0,-1.8,0.2076689360091523,1.2208166629778348,3.939821124480777,0.17010657071357713,0.3098660127974019,0.05271024481765543,DM_dist_alpha-1.5_Lstar1e+13_alphaSch-1.8.png
-1.5,30000000000000.0,-1.2,2137.1859058498344,6304.078626129709,7990.980722113054,0.3390163785380841,0.7888992409510809,0.26744976369867884,DM_dist_alpha-1.5_Lstar3e+13_alphaSch-1.2.png
-1.5,30000000000000.0,-1.5,33.716124858798494,119.60831303321002,204.06916805870296,0.28188780531865704,0.5861165318163264,0.16521910281468705,DM_dist_alpha-1.5_Lstar3e+13_alphaSch-1.5.png
-1.5,30000000000000.0,-1.8,0.4082068240400384,1.8398429481059857,4.706926658093881,0.2218704724010624,0.39087988442357613,0.08672470460913151,DM_dist_alpha-1.5_Lstar3e+13_alphaSch-1.8.png
-1.5,50000000000000.0,-1.2,3772.6560472003816,9487.32902009753,9873.171912322205,0.3976520724862137,0.9609200674665531,0.3821118563216671,DM_dist_alpha-1.5_Lstar5e+13_alphaSch-1.2.png
-1.5,50000000000000.0,-1.5,53.195630309071426,158.24794814132198,231.41830324710662,0.336153681193803,0.6838177703357633,0.2298678607641054,DM_dist_alpha-1.5_Lstar5e+13_alphaSch-1.5.png
-1.5,50000000000000.0,-1.8,0.5664997733161944,2.1886909555759173,5.001876650701137,0.2588304081364148,0.43757395642076025,0.11325744573025115,DM_dist_alpha-1.5_Lstar5e+13_alphaSch-1.8.png
-1.5,80000000000000.0,-1.2,6275.5160943566025,13392.719912975597,11810.774516751373,0.46857666964845135,1.1339408684824632,0.5313382357317852,DM_dist_alpha-1.5_Lstar8e+13_alphaSch-1.2.png
-1.5,80000000000000.0,-1.5,77.71884218918964,202.00645484181845,255.0803958442659,0.384734449451368,0.7919324970984809,0.3046837132738311,DM_dist_alpha-1.5_Lstar8e+13_alphaSch-1.5.png
-1.5,80000000000000.0,-1.8,0.741212282281972,2.517802452326955,5.244209485155416,0.29438857746641045,0.48011096037524864,0.14133918265090162,DM_dist_alpha-1.5_Lstar8e+13_alphaSch-1.8.png
-1.5,100000000000000.0,-1.2,7954.523418344197,15683.918020943818,12777.943918323139,0.5071770591839343,1.2274211032068791,0.6225198255047653,DM_dist_alpha-1.5_Lstar1e+14_alphaSch-1.2.png
-1.5,100000000000000.0,-1.5,93.42737476244508,225.65865435487333,266.295591948456,0.4140207918439509,0.8473991353133314,0.3508408610103048,DM_dist_alpha-1.5_Lstar1e+14_alphaSch-1.5.png
-1.5,100000000000000.0,-1.8,0.8341413799113863,2.683864435285244,5.340478593529831,0.31079862639289113,0.502551295409523,0.1561922523052478,DM_dist_alpha-1.5_Lstar1e+14_alphaSch-1.8.png
-2.0,10000000000000.0,-1.2,549.7352992521238,2107.624544861944,3716.63366565487,0.2608317029673486,0.5670789037774538,0.1479121561891305,DM_dist_alpha-2_Lstar1e+13_alphaSch-1.2.png
-2.0,10000000000000.0,-1.5,11.881931636080695,53.01139931120798,117.05204436228773,0.22413918120377832,0.45288742798145776,0.10150981728524906,DM_dist_alpha-2_Lstar1e+13_alphaSch-1.5.png
-2.0,10000000000000.0,-1.8,0.20140995011112234,1.0850660637625742,3.319899692622628,0.18561998834680477,0.32683700238708185,0.060667480574394736,DM_dist_alpha-2_Lstar1e+13_alphaSch-1.8.png
-2.0,30000000000000.0,-1.2,1965.4265374027439,5226.367382110572,6475.416726763505,0.3760597741617319,0.8071090406443658,0.3035212435486123,DM_dist_alpha-2_Lstar3e+13_alphaSch-1.2.png
-2.0,30000000000000.0,-1.5,31.535955697139745,100.61594701293069,165.71726356277625,0.3134290004057398,0.6071542870656672,0.19029976128705164,DM_dist_alpha-2_Lstar3e+13_alphaSch-1.5.png
-2.0,30000000000000.0,-1.8,0.3846972180050227,1.5934067191554415,3.92308609510578,0.24143064879814552,0.4061615474468647,0.09805984591695531,DM_dist_alpha-2_Lstar3e+13_alphaSch-1.8.png
-2.0,50000000000000.0,-1.2,3430.637494631393,7722.528809977496,8057.374702071097,0.4442375780067035,0.958442308509305,0.42577608979132736,DM_dist_alpha-2_Lstar5e+13_alphaSch-1.2.png
-2.0,50000000000000.0,-1.5,48.988416705850135,131.5171148425819,188.7894063082548,0.3724870087401654,0.6966339765264219,0.25948710610309345,DM_dist_alpha-2_Lstar5e+13_alphaSch-1.5.png
-2.0,50000000000000.0,-1.8,0.5290516888341574,1.8750251471718418,4.169401900984426,0.28215711646968705,0.4497108198490375,0.12688910817382332,DM_dist_alpha-2_Lstar5e+13_alphaSch-1.8.png
-2.0,80000000000000.0,-1.2,5649.159022996442,10837.515110999608,9705.27741290237,0.5212596213372557,1.1166620643519187,0.5820708448257593,DM_dist_alpha-2_Lstar8e+13_alphaSch-1.2.png
-2.0,80000000000000.0,-1.5,71.09494586878253,166.31695537014957,208.55273411356458,0.4274666146368297,0.7974815390316768,0.34089673372523965,DM_dist_alpha-2_Lstar8e+13_alphaSch-1.5.png
-2.0,80000000000000.0,-1.8,0.6842017782756583,2.1391873996100617,4.370087395470891,0.31984190744596613,0.4895067777882637,0.15656478151552694,DM_dist_alpha-2_Lstar8e+13_alphaSch-1.8.png
-2.0,100000000000000.0,-1.2,7085.140479848662,12615.11066503959,10498.527604677185,0.5616391855747883,1.2016076101394875,0.6748699195392095,DM_dist_alpha-2_Lstar1e+14_alphaSch-1.2.png
-2.0,100000000000000.0,-1.5,84.43020286820045,184.47748540740537,218.00920767562624,0.45767212558075787,0.8461912566642029,0.3872781510853584,DM_dist_alpha-2_Lstar1e+14_alphaSch-1.5.png
-2.0,100000000000000.0,-1.8,0.7676763092197545,2.26641816958553,4.4531673302425085,0.3387178586554232,0.5089452071997722,0.1723888307556475,DM_dist_alpha-2_Lstar1e+14_alphaSch-1.8.png
-2.5,10000000000000.0,-1.2,524.6145840305171,1829.126399983281,3037.4362990501927,0.28681155333787334,0.6021941597771941,0.17271624237669256,DM_dist_alpha-2.5_Lstar1e+13_alphaSch-1.2.png
-2.5,10000000000000.0,-1.5,11.377008594074844,46.785545622463324,97.10856487472539,0.24317357941877582,0.48178598543618556,0.11715762259231943,DM_dist_alpha-2.5_Lstar1e+13_alphaSch-1.5.png
-2.5,10000000000000.0,-1.8,0.19598402257080957,0.9719204675284362,2.846340846141269,0.20164615225069898,0.3414631346228441,0.06885472723215895,DM_dist_alpha-2.5_Lstar1e+13_alphaSch-1.8.png
-2.5,30000000000000.0,-1.2,1823.4666105787046,4412.0490016968715,5319.105940022389,0.4132924656723895,0.829471917169279,0.34281449385289536,DM_dist_alpha-2.5_Lstar3e+13_alphaSch-1.2.png
-2.5,30000000000000.0,-1.5,29.68187904316447,86.45492472102904,136.93572332830865,0.3433220159399981,0.631354058821817,0.21675774824660637,DM_dist_alpha-2.5_Lstar3e+13_alphaSch-1.5.png
-2.5,30000000000000.0,-1.8,0.3652842164183519,1.4058984946433253,3.334389002661095,0.259822610103174,0.42163601593014843,0.1095505701724746,DM_dist_alpha-2.5_Lstar3e+13_alphaSch-1.8.png
-2.5,50000000000000.0,-1.2,3174.6321828291643,6428.239428378537,6652.66166543047,0.4938571778789415,0.966265797309653,0.4771972997402905,DM_dist_alpha-2.5_Lstar5e+13_alphaSch-1.2.png
-2.5,50000000000000.0,-1.5,45.81819928935636,111.87688485727128,156.18466572411725,0.4095412501680723,0.7163115811566885,0.2933591404567788,DM_dist_alpha-2.5_Lstar5e+13_alphaSch-1.5.png
-2.5,50000000000000.0,-1.8,0.49730091239200797,1.6353237993181349,3.539042054259145,0.3040993548796652,0.46208091744772156,0.14051850889805598,DM_dist_alpha-2.5_Lstar5e+13_alphaSch-1.8.png
-2.5,80000000000000.0,-1.2,5120.142362920261,8920.928445260248,8022.469749188773,0.5739472516048068,1.1119927807970016,0.6382252003428254,DM_dist_alpha-2.5_Lstar8e+13_alphaSch-1.2.png
-2.5,80000000000000.0,-1.5,65.40864010404088,140.04332212523562,172.8140289383494,0.4670600433596422,0.8103701012329007,0.3784914946191962,DM_dist_alpha-2.5_Lstar8e+13_alphaSch-1.5.png
-2.5,80000000000000.0,-1.8,0.6365731976457575,1.8566696087349412,3.7018959980850292,0.34285755238892096,0.501545588988828,0.17195869305216932,DM_dist_alpha-2.5_Lstar8e+13_alphaSch-1.8.png
-2.5,100000000000000.0,-1.2,6388.558073281928,10396.978581464036,8733.25856130634,0.6144629445204005,1.1905039234185726,0.7315205462468655,DM_dist_alpha-2.5_Lstar1e+14_alphaSch-1.2.png
-2.5,100000000000000.0,-1.5,77.35140433260565,154.9436059841784,180.90195075227854,0.4992229517396424,0.8565059986354338,0.42758745282149135,DM_dist_alpha-2.5_Lstar1e+14_alphaSch-1.5.png
-2.5,100000000000000.0,-1.8,0.7136405594869137,1.9646807056041307,3.777228187831833,0.36323487956658707,0.520138209265,0.18893233980035257,DM_dist_alpha-2.5_Lstar1e+14_alphaSch-1.8.png
